,FULL TRUCK RATES,,,,,,,,,
,Rates to be awarded by MOT. Rates submitted must not be contingent upon bundled award.,,,,,,,,,
,,,,,,,,,,
,Destinations,,,,,,,,,
,"SHDR DC1(Main DC):上海临港新城普洛斯临港物流园洋浩路575号 No.575 Yanghao Road, Pudong New District, Shanghai, China",,,,,,,,,
,"TDSC DC:上海市奉贤区航塘公路3088号C栋3楼DISNEY STORE WAREHOUSE,KERRYEAS SHANGHAI DISTRIBUTION CENTER C3,3088 HANGTANG HIGHWAY,FENGXIAN DISTRICT, SHANGHAI",,,,,,,,,
,Currency :RMB,Exclude VAT ,,,,,,,,
,,,,,,,,,,
,,,,,SHDR DC1/TDSC DC,,,,,
,From Province, From City ,Lorry Size, Temperature ,Transit Days (excluding pick up day),Rate (RMB) Excluding VAT,,,Accessorial Description,Accessorial Charge per Occurrence (RMB)
,Anhui,Chaohu,10T,DRY,,,,,Stop off charge (¥),
,Anhui,Chaohu,12T,DRY,,,,,Tallyman Fee (¥)*,
,Anhui,Chaohu,15T,DRY,,,,,HAZMAT (¥),
,Anhui,Chaohu,26T,DRY,,,,,"Empty Fee (truck ordered, not used) (¥)",
,Anhui,Chaohu,3T,DRY,,,,,,
,Anhui,Chaohu,5T,DRY,,,,,,
,Anhui,Chaohu,8T,DRY,,,,,,
,Anhui,Chaohu,40'HQ,DRY - SOC,,,,,,
,Anhui,Tianchang,10T,DRY,,,,,,
,Anhui,Tianchang,12T,DRY,,,,,,
,Anhui,Tianchang,15T,DRY,,,,,,
,Anhui,Tianchang,25T,DRY,,,,,,
,Anhui,Tianchang,26T,DRY,,,,,,
,Anhui,Tianchang,3T,DRY,,,,,,
,Anhui,Tianchang,5T,DRY,,,,,,
,Anhui,Tianchang,8T,DRY,,,,,,
,Anhui,Tianchang,40'HQ,DRY - SOC,,,,,,
,Anhui,Xuancheng,26T,DRY,,,,,,
,Anhui,Xuancheng,3T,DRY,,,,,,
,Anhui,Xuancheng,5T,DRY,,,,,,
,Anhui,Xuancheng,8T,DRY,,,,,,
,Fujian,Quanzhou,10T,DRY,,,,,,
,Fujian,Quanzhou,15T,DRY,,,,,,
,Fujian,Quanzhou,25T,DRY,,,,,,
,Fujian,Quanzhou,26T,DRY,,,,,,
,Fujian,Quanzhou,5T,DRY,,,,,,
,Fujian,Quanzhou,8T,DRY,,,,,,
,Fujian,Quanzhou,40'HQ,DRY - SOC,,,,,,
,Fujian,Shishi,3T,DRY,,,,,,
,Fujian,Shishi,5T,DRY,,,,,,
,Fujian,Shishi,8T,DRY,,,,,,
,Guangdong,Dongguan,10T,DRY,,,,,,
,Guangdong,Dongguan,12T,DRY,,,,,,
,Guangdong,Dongguan,15T,DRY,,,,,,
,Guangdong,Dongguan,25T,DRY,,,,,,
,Guangdong,Dongguan,26T,DRY,,,,,,
,Guangdong,Dongguan,3T,DRY,,,,,,
,Guangdong,Dongguan,5T,DRY,,,,,,
,Guangdong,Dongguan,8T,DRY,,,,,,
,Guangdong,Dongguan,DG_3T,HAZMAT,,,,,,
,Guangdong,Dongguan,DG_8T,HAZMAT,,,,,,
,Guangdong,Dongguan,REF_3T,REEFER,,,,,,
,Guangdong,Dongguan,40'HQ,DRY - SOC,,,,,,
,Guangdong,Foshan,3T,DRY,,,,,,
,Guangdong,Foshan,5T,DRY,,,,,,
,Guangdong,Foshan,REF_3T,REEFER,,,,,,
,Guangdong,Foshan,REF_5T,REEFER,,,,,,
,Guangdong,Heyuan,10T,DRY,,,,,,
,Guangdong,Heyuan,26T,DRY,,,,,,
,Guangdong,Heyuan,3T,DRY,,,,,,
,Guangdong,Heyuan,DG_5T,HAZMAT,,,,,,
,Guangdong,Huizhou,DG_10T,HAZMAT,,,,,,
,Guangdong,Huizhou,12T,DRY,,,,,,
,Guangdong,Huizhou,15T,DRY,,,,,,
,Guangdong,Huizhou,26T,DRY,,,,,,
,Guangdong,Huizhou,3T,DRY,,,,,,
,Guangdong,Huizhou,5T,DRY,,,,,,
,Guangdong,Huizhou,8T,DRY,,,,,,
,Guangdong,Huizhou,40'HQ,DRY - SOC,,,,,,
,Guangdong,Jiangmen,3T,DRY,,,,,,
,Guangdong,Shantou,10T,DRY,,,,,,
,Guangdong,Shantou,3T,DRY,,,,,,
,Guangdong,Shantou,5T,DRY,,,,,,
,Guangdong,Shantou,REF_3T,REEFER,,,,,,
,Guangdong,Shantou,REF_5T,REEFER,,,,,,
,Guangdong,Shantou,40'HQ,DRY - SOC,,,,,,
,Guangdong,Shenzhen,10T,DRY,,,,,,
,Guangdong,Shenzhen,12T,DRY,,,,,,
,Guangdong,Shenzhen,15T,DRY,,,,,,
,Guangdong,Shenzhen,25T,DRY,,,,,,
,Guangdong,Shenzhen,26T,DRY,,,,,,
,Guangdong,Shenzhen,3T,DRY,,,,,,
,Guangdong,Shenzhen,5T,DRY,,,,,,
,Guangdong,Shenzhen,8T,DRY,,,,,,
,Guangdong,Shenzhen,40'HQ,DRY - SOC,,,,,,
,Guangdong,Zhaoqing,5T,DRY,,,,,,
,Guangdong,Zhongshan,10T,DRY,,,,,,
,Guangdong,Zhongshan,12T,DRY,,,,,,
,Guangdong,Zhongshan,15T,DRY,,,,,,
,Guangdong,Zhongshan,26T,DRY,,,,,,
,Guangdong,Zhongshan,3T,DRY,,,,,,
,Guangdong,Zhongshan,40'HQ,DRY - SOC,,,,,,
,Guangdong,Zhuhai,3T,DRY,,,,,,
,Guangdong,Zhuhai,40'HQ,DRY - SOC,,,,,,
,Guangxi,Hechi,26T,DRY,,,,,,
,Guangxi,Hechi,5T,DRY,,,,,,
,Guangxi,Pubei,10T,DRY,,,,,,
,Guangxi,Pubei,12T,DRY,,,,,,
,Guangxi,Pubei,15T,DRY,,,,,,
,Guangxi,Pubei,26T,DRY,,,,,,
,Guangxi,Pubei,40'HQ,DRY - SOC,,,,,,
,Guangxi,Pubei,45'HQ,DRY - SOC,,,,,,
,Guangxi,Qinzhou,10T,DRY,,,,,,
,Guangxi,Qinzhou,12T,DRY,,,,,,
,Guangxi,Qinzhou,15T,DRY,,,,,,
,Guangxi,Qinzhou,26T,DRY,,,,,,
,Guangxi,Qinzhou,5T,DRY,,,,,,
,Guangxi,Qinzhou,8T,DRY,,,,,,
,Guangxi,Qinzhou,40'HQ,DRY - SOC,,,,,,
,Guangxi,Qinzhou,45'HQ,DRY - SOC,,,,,,
,Hebei,Hejian,15T,DRY,,,,,,
,Hebei,Hejian,40'HQ,DRY - SOC,,,,,,
,Hunan,Chenzhou,10T,DRY,,,,,,
,Hunan,Chenzhou,12T,DRY,,,,,,
,Hunan,Chenzhou,15T,DRY,,,,,,
,Hunan,Chenzhou,26T,DRY,,,,,,
,Hunan,Chenzhou,8T,DRY,,,,,,
,Hunan,Chenzhou,40'HQ,DRY - SOC,,,,,,
,Hunan,Zixing,12T,DRY,,,,,,
,Hunan,Zixing,8T,DRY,,,,,,
,Jiangsu,Changzhou,3T,DRY,,,,,,
,Jiangsu,Lianyungang,10T,DRY,,,,,,
,Jiangsu,Lianyungang,25T,DRY,,,,,,
,Jiangsu,Lianyungang,5T,DRY,,,,,,
,Jiangsu,Lianyungang,8T,DRY,,,,,,
,Jiangsu,Suqian,10T,DRY,,,,,,
,Jiangsu,Suqian,8T,DRY,,,,,,
,Jiangsu,Suzhou,10T,DRY,,,,,,
,Jiangsu,Suzhou,12T,DRY,,,,,,
,Jiangsu,Suzhou,15T,DRY,,,,,,
,Jiangsu,Suzhou,25T,DRY,,,,,,
,Jiangsu,Suzhou,26T,DRY,,,,,,
,Jiangsu,Suzhou,3T,DRY,,,,,,
,Jiangsu,Suzhou,5T,DRY,,,,,,
,Jiangsu,Suzhou,8T,DRY,,,,,,
,Jiangsu,Suzhou,40'HQ,DRY - SOC,,,,,,
,Jiangsu,Yangzhou,12T,DRY,,,,,,
,Jiangsu,Yangzhou,5T,DRY,,,,,,
,Jiangsu,Yangzhou,8T,DRY,,,,,,
,Jiangxi,Ganzhou,10T,DRY,,,,,,
,Jiangxi,Ganzhou,12T,DRY,,,,,,
,Jiangxi,Ganzhou,15T,DRY,,,,,,
,Jiangxi,Ganzhou,25T,DRY,,,,,,
,Jiangxi,Ganzhou,26T,DRY,,,,,,
,Jiangxi,Ganzhou,3T,DRY,,,,,,
,Jiangxi,Ganzhou,8T,DRY,,,,,,
,Jiangxi,Ganzhou,40'HQ,DRY - SOC,,,,,,
,Jiangxi,Nanchang,REF_12T,REEFER,,,,,,
,Shandong,Qingdao,10T,DRY,,,,,,
,Shandong,Qingdao,12T,DRY,,,,,,
,Shandong,Qingdao,3T,DRY,,,,,,
,Shandong,Qingdao,5T,DRY,,,,,,
,Shandong,Qingdao,8T,DRY,,,,,,
,Shandong,Tai'An,3T,DRY,,,,,,
,Shandong,Tai'An,5T,DRY,,,,,,
,Shandong,Weihai,3T,DRY,,,,,,
,Shandong,Yantai,3T,DRY,,,,,,
,Shanghai,Shanghai,10T,DRY,,,,,,
,Shanghai,Shanghai,3T,DRY,,,,,,
,Shanghai,Shanghai,5T,DRY,,,,,,
,Shanghai,Shanghai,8T,DRY,,,,,,
,Shanghai,Shanghai,REF_3T,REEFER,,,,,,
,Shanghai,Shanghai,REF_5T,REEFER,,,,,,
,Shanghai,Shanghai,40'GP,DRY - SOC,,,,,,
,Shanghai,Shanghai,40'HQ,DRY - SOC,,,,,,
,Shanghai,Shanghai,25T,DRY,,,,,,
,Shanxi,Ankang,10T,DRY,,,,,,
,Shanxi,Ankang,15T,DRY,,,,,,
,Shanxi,Ankang,25T,DRY,,,,,,
,Shanxi,Ankang,26T,DRY,,,,,,
,Shanxi,Ankang,3T,DRY,,,,,,
,Shanxi,Ankang,5T,DRY,,,,,,
,Shanxi,Ankang,8T,DRY,,,,,,
,Shanxi,Ankang,20'GP,DRY - SOC,,,,,,
,Shanxi,Ankang,40'HQ,DRY - SOC,,,,,,
,Zhejiang,Huzhou,25T,DRY,,,,,,
,Zhejiang,Huzhou,26T,DRY,,,,,,
,Zhejiang,Huzhou,3T,DRY,,,,,,
,Zhejiang,Huzhou,5T,DRY,,,,,,
,Zhejiang,Huzhou,8T,DRY,,,,,,
,Zhejiang,Huzhou,40'HQ,DRY - SOC,,,,,,
,Zhejiang,Ningbo,12T,DRY,,,,,,
,Zhejiang,Ningbo,3T,DRY,,,,,,
,Zhejiang,Ningbo,5T,DRY,,,,,,
,Zhejiang,Pinghu,25T,DRY,,,,,,
,Zhejiang,Pinghu,3T,DRY,,,,,,
,Zhejiang,Pinghu,5T,DRY,,,,,,
,Zhejiang,Pinghu,8T,DRY,,,,,,
,Anhui,Chaohu,20'GP,DRY - SOC,,,,,,
,Anhui,Tianchang,20'GP,DRY - SOC,,,,,,
,Shanxi,Ankang,12T,DRY,,,,,,
,Jiangsu,Changzhou,5T,DRY,,,,,,
,Jiangsu,Changzhou,8T,DRY,,,,,,
,Jiangsu,Changzhou,10T,DRY,,,,,,
,Jiangsu,Changzhou,12T,DRY,,,,,,
,Jiangsu,Changzhou,15T,DRY,,,,,,
,Jiangsu,Changzhou,25T,DRY,,,,,,
,Jiangsu,Changzhou,26T,DRY,,,,,,
,Jiangsu,Changzhou,20'GP,DRY - SOC,,,,,,
,Jiangsu,Changzhou,40'HQ,DRY - SOC,,,,,,
,Anhui,Chaohu,25T,DRY,,,,,,
,Hunan,Chenzhou,20'GP,DRY - SOC,,,,,,
,Hunan,Chenzhou,3T,DRY,,,,,,
,Hunan,Chenzhou,5T,DRY,,,,,,
,Hunan,Chenzhou,25T,DRY,,,,,,
,Guangdong,Dongguan,20'GP,DRY - SOC,,,,,,
,Guangdong,Foshan,8T,DRY,,,,,,
,Guangdong,Foshan,10T,DRY,,,,,,
,Guangdong,Foshan,12T,DRY,,,,,,
,Guangdong,Foshan,15T,DRY,,,,,,
,Guangdong,Foshan,25T,DRY,,,,,,
,Guangdong,Foshan,26T,DRY,,,,,,
,Guangdong,Foshan,20'GP,DRY - SOC,,,,,,
,Guangdong,Foshan,40'HQ,DRY - SOC,,,,,,
,Jiangxi,Ganzhou,20'GP,DRY - SOC,,,,,,
,Jiangxi,Ganzhou,5T,DRY,,,,,,
,Guangxi,Hechi,3T,DRY,,,,,,
,Guangxi,Hechi,8T,DRY,,,,,,
,Guangxi,Hechi,10T,DRY,,,,,,
,Guangxi,Hechi,12T,DRY,,,,,,
,Guangxi,Hechi,15T,DRY,,,,,,
,Guangxi,Hechi,25T,DRY,,,,,,
,Guangxi,Hechi,20'GP,DRY - SOC,,,,,,
,Guangxi,Hechi,40'HQ,DRY - SOC,,,,,,
,Hebei,Hejian,3T,DRY,,,,,,
,Hebei,Hejian,5T,DRY,,,,,,
,Hebei,Hejian,8T,DRY,,,,,,
,Hebei,Hejian,10T,DRY,,,,,,
,Hebei,Hejian,12T,DRY,,,,,,
,Hebei,Hejian,20'GP,DRY - SOC,,,,,,
,Hebei,Hejian,25T,DRY,,,,,,
,Hebei,Hejian,26T,DRY,,,,,,
,Guangdong,Heyuan,5T,DRY,,,,,,
,Guangdong,Heyuan,8T,DRY,,,,,,
,Guangdong,Heyuan,12T,DRY,,,,,,
,Guangdong,Heyuan,15T,DRY,,,,,,
,Guangdong,Heyuan,25T,DRY,,,,,,
,Guangdong,Heyuan,20'GP,DRY - SOC,,,,,,
,Guangdong,Heyuan,40’HQ,DRY - SOC,,,,,,
,Guangdong,Huizhou,10T,DRY,,,,,,
,Guangdong,Huizhou,20'GP,DRY - SOC,,,,,,
,Guangdong,Huizhou,25T,DRY,,,,,,
,Zhejiang,Huzhou,20'GP,DRY - SOC,,,,,,
,Zhejiang,Huzhou,10T,DRY,,,,,,
,Zhejiang,Huzhou,12T,DRY,,,,,,
,Zhejiang,Huzhou,15T,DRY,,,,,,
,Guangdong,Jiangmen,5T,DRY,,,,,,
,Guangdong,Jiangmen,8T,DRY,,,,,,
,Guangdong,Jiangmen,10T,DRY,,,,,,
,Guangdong,Jiangmen,12T,DRY,,,,,,
,Guangdong,Jiangmen,15T,DRY,,,,,,
,Guangdong,Jiangmen,25T,DRY,,,,,,
,Guangdong,Jiangmen,26T,DRY,,,,,,
,Guangdong,Jiangmen,20'GP,DRY - SOC,,,,,,
,Guangdong,Jiangmen,40’HQ,DRY - SOC,,,,,,
,Jiangsu,Lianyungang,3T,DRY,,,,,,
,Jiangsu,Lianyungang,12T,DRY,,,,,,
,Jiangsu,Lianyungang,15T,DRY,,,,,,
,Jiangsu,Lianyungang,26T,DRY,,,,,,
,Jiangsu,Lianyungang,20'GP,DRY - SOC,,,,,,
,Jiangsu,Lianyungang,40‘HQ,DRY - SOC,,,,,,
,Jiangxi,Nanchang,3T,DRY,,,,,,
,Jiangxi,Nanchang,5T,DRY,,,,,,
,Jiangxi,Nanchang,8T,DRY,,,,,,
,Jiangxi,Nanchang,10T,DRY,,,,,,
,Jiangxi,Nanchang,12T,DRY,,,,,,
,Jiangxi,Nanchang,15T,DRY,,,,,,
,Jiangxi,Nanchang,25T,DRY,,,,,,
,Jiangxi,Nanchang,26T,DRY,,,,,,
,Jiangxi,Nanchang,20'GP,DRY - SOC,,,,,,
,Jiangxi,Nanchang,40’HQ,DRY - SOC,,,,,,
,Zhejiang,Ningbo,8T,DRY,,,,,,
,Zhejiang,Ningbo,10T,DRY,,,,,,
,Zhejiang,Ningbo,15T,DRY,,,,,,
,Zhejiang,Ningbo,25T,DRY,,,,,,
,Zhejiang,Ningbo,26T,DRY,,,,,,
,Zhejiang,Ningbo,20'GP,DRY - SOC,,,,,,
,Zhejiang,Ningbo,40'HQ,DRY - SOC,,,,,,
,Zhejiang,Pinghu,10T,DRY,,,,,,
,Zhejiang,Pinghu,12T,DRY,,,,,,
,Zhejiang,Pinghu,15T,DRY,,,,,,
,Zhejiang,Pinghu,26T,DRY,,,,,,
,Zhejiang,Pinghu,20'GP,DRY - SOC,,,,,,
,Zhejiang,Pinghu,40'HQ,DRY - SOC,,,,,,
,Guangxi,Pubei,20'GP,DRY - SOC,,,,,,
,Guangxi,Pubei,3T,DRY,,,,,,
,Guangxi,Pubei,5T,DRY,,,,,,
,Guangxi,Pubei,8T,DRY,,,,,,
,Guangxi,Pubei,25T,DRY,,,,,,
,Shandong,Qingdao,15T,DRY,,,,,,
,Shandong,Qingdao,25T,DRY,,,,,,
,Shandong,Qingdao,26T,DRY,,,,,,
,Shandong,Qingdao,20'GP,DRY - SOC,,,,,,
,Shandong,Qingdao,40'HQ,DRY - SOC,,,,,,
,Guangxi,Qinzhou,20'GP,DRY - SOC,,,,,,
,Guangxi,Qinzhou,3T,DRY,,,,,,
,Guangxi,Qinzhou,25T,DRY,,,,,,
,Fujian,Quanzhou,20'GP,DRY - SOC,,,,,,
,Fujian,Quanzhou,3T,DRY,,,,,,
,Fujian,Quanzhou,12T,DRY,,,,,,
,Shanghai,Shanghai,20'GP,DRY - SOC,,,,,,
,Shanghai,Shanghai,12T,DRY,,,,,,
,Shanghai,Shanghai,15T,DRY,,,,,,
,Shanghai,Shanghai,26T,DRY,,,,,,
,Guangdong,Shantou,8T,DRY,,,,,,
,Guangdong,Shantou,12T,DRY,,,,,,
,Guangdong,Shantou,15T,DRY,,,,,,
,Guangdong,Shantou,20'GP,DRY - SOC,,,,,,
,Guangdong,Shantou,25T,DRY,,,,,,
,Guangdong,Shantou,26T,DRY,,,,,,
,Guangdong,Shenzhen,20'GP,DRY - SOC,,,,,,
,Fujian,Shishi,10T,DRY,,,,,,
,Fujian,Shishi,12T,DRY,,,,,,
,Fujian,Shishi,15T,DRY,,,,,,
,Fujian,Shishi,25T,DRY,,,,,,
,Fujian,Shishi,26T,DRY,,,,,,
,Fujian,Shishi,20'GP,DRY - SOC,,,,,,
,Fujian,Shishi,40'HQ,DRY - SOC,,,,,,
,Jiangsu,Suqian,3T,DRY,,,,,,
,Jiangsu,Suqian,5T,DRY,,,,,,
,Jiangsu,Suqian,12T,DRY,,,,,,
,Jiangsu,Suqian,15T,DRY,,,,,,
,Jiangsu,Suqian,25T,DRY,,,,,,
,Jiangsu,Suqian,26T,DRY,,,,,,
,Jiangsu,Suqian,20'GP,DRY - SOC,,,,,,
,Jiangsu,Suqian,40'HQ,DRY - SOC,,,,,,
,Jiangsu,Suzhou,20'GP,DRY - SOC,,,,,,
,Shandong,Tai'An,8T,DRY,,,,,,
,Shandong,Tai'An,10T,DRY,,,,,,
,Shandong,Tai'An,12T,DRY,,,,,,
,Shandong,Tai'An,15T,DRY,,,,,,
,Shandong,Tai'An,25T,DRY,,,,,,
,Shandong,Tai'An,26T,DRY,,,,,,
,Shandong,Tai'An,20'GP,DRY - SOC,,,,,,
,Shandong,Tai'An,40'HQ,DRY - SOC,,,,,,
,Shandong,Weihai,5T,DRY,,,,,,
,Shandong,Weihai,8T,DRY,,,,,,
,Shandong,Weihai,10T,DRY,,,,,,
,Shandong,Weihai,12T,DRY,,,,,,
,Shandong,Weihai,15T,DRY,,,,,,
,Shandong,Weihai,25T,DRY,,,,,,
,Shandong,Weihai,26T,DRY,,,,,,
,Shandong,Weihai,20'GP,DRY - SOC,,,,,,
,Shandong,Weihai,40'HQ,DRY - SOC,,,,,,
,Anhui,Xuancheng,10T,DRY,,,,,,
,Anhui,Xuancheng,12T,DRY,,,,,,
,Anhui,Xuancheng,15T,DRY,,,,,,
,Anhui,Xuancheng,25T,DRY,,,,,,
,Anhui,Xuancheng,20'GP,DRY - SOC,,,,,,
,Anhui,Xuancheng,40'HQ,DRY - SOC,,,,,,
,Jiangsu,Yangzhou,3T,DRY,,,,,,
,Jiangsu,Yangzhou,10T,DRY,,,,,,
,Jiangsu,Yangzhou,15T,DRY,,,,,,
,Jiangsu,Yangzhou,25T,DRY,,,,,,
,Jiangsu,Yangzhou,26T,DRY,,,,,,
,Jiangsu,Yangzhou,20'GP,DRY - SOC,,,,,,
,Jiangsu,Yangzhou,40'HQ,DRY - SOC,,,,,,
,Shandong,Yantai,5T,DRY,,,,,,
,Shandong,Yantai,8T,DRY,,,,,,
,Shandong,Yantai,10T,DRY,,,,,,
,Shandong,Yantai,12T,DRY,,,,,,
,Shandong,Yantai,15T,DRY,,,,,,
,Shandong,Yantai,25T,DRY,,,,,,
,Shandong,Yantai,26T,DRY,,,,,,
,Shandong,Yantai,20'GP,DRY - SOC,,,,,,
,Shandong,Yantai,40'HQ,DRY - SOC,,,,,,
,Guangdong,Zhaoqing,3T,DRY,,,,,,
,Guangdong,Zhaoqing,8T,DRY,,,,,,
,Guangdong,Zhaoqing,10T,DRY,,,,,,
,Guangdong,Zhaoqing,12T,DRY,,,,,,
,Guangdong,Zhaoqing,15T,DRY,,,,,,
,Guangdong,Zhaoqing,25T,DRY,,,,,,
,Guangdong,Zhaoqing,26T,DRY,,,,,,
,Guangdong,Zhaoqing,20'GP,DRY - SOC,,,,,,
,Guangdong,Zhaoqing,40'HQ,DRY - SOC,,,,,,
,Guangdong,Zhongshan,20'GP,DRY - SOC,,,,,,
,Guangdong,Zhongshan,5T,DRY,,,,,,
,Guangdong,Zhongshan,8T,DRY,,,,,,
,Guangdong,Zhongshan,25T,DRY,,,,,,
,Guangdong,Zhuhai,5T,DRY,,,,,,
,Guangdong,Zhuhai,8T,DRY,,,,,,
,Guangdong,Zhuhai,10T,DRY,,,,,,
,Guangdong,Zhuhai,12T,DRY,,,,,,
,Guangdong,Zhuhai,15T,DRY,,,,,,
,Guangdong,Zhuhai,20'GP,DRY - SOC,,,,,,
,Guangdong,Zhuhai,25T,DRY,,,,,,
,Guangdong,Zhuhai,26T,DRY,,,,,,
,Hunan,Zixing,3T,DRY,,,,,,
,Hunan,Zixing,5T,DRY,,,,,,
,Hunan,Zixing,10T,DRY,,,,,,
,Hunan,Zixing,15T,DRY,,,,,,
,Hunan,Zixing,25T,DRY,,,,,,
,Hunan,Zixing,26T,DRY,,,,,,
,Hunan,Zixing,20'GP,DRY - SOC,,,,,,
,Hunan,Zixing,40'HQ,DRY - SOC,,,,,,
,Guangxi,Beihai,3T,DRY,,,,,,
,Guangxi,Beihai,5T,DRY,,,,,,
,Guangxi,Beihai,8T,DRY,,,,,,
,Guangxi,Beihai,10T,DRY,,,,,,
,Guangxi,Beihai,12T,DRY,,,,,,
,Guangxi,Beihai,15T,DRY,,,,,,
,Guangxi,Beihai,25T,DRY,,,,,,
,Guangxi,Beihai,26T,DRY,,,,,,
,Guangxi,Beihai,20'GP,DRY - SOC,,,,,,
,Guangxi,Beihai,40'HQ,DRY - SOC,,,,,,
,Zhejiang,Wenzhou,3T,DRY,,,,,,
,Zhejiang,Wenzhou,5T,DRY,,,,,,
,Zhejiang,Wenzhou,8T,DRY,,,,,,
,Zhejiang,Wenzhou,10T,DRY,,,,,,
,Zhejiang,Wenzhou,12T,DRY,,,,,,
,Zhejiang,Wenzhou,15T,DRY,,,,,,
,Zhejiang,Wenzhou,25T,DRY,,,,,,
,Zhejiang,Wenzhou,26T,DRY,,,,,,
,Zhejiang,Wenzhou,20'GP,DRY - SOC,,,,,,
,Zhejiang,Wenzhou,40'HQ,DRY - SOC,,,,,,
