,,,,,,
,结费场景,,结费单位,结费方式,"未税报价（CNY)
税率6%",
,入库,入库操作费,元/CBM,"1.统计结算周期内，入库单中各物料的数量；
2.根据DJI系统中采集的彩盒外箱规格参数（长宽高），将相对应的物料数量和物料参数相乘；
3.各物料乘积之和，作为结算的最终体积数据。数据保留2位小数",,
,库存管理,存储费,元/CBM,"1.提供结算周期内每天的存储数据，包括料号、数量、库位等；
2.根据上述数据，计算各物料当月的日平均存储数量；
3.根据DJI系统中采集的彩盒外箱规格参数（长宽高），将相对应的物料数量和物料参数相乘计算得出体积。
4.各物料体积之和，作为结算的最终体积数据。数据保留2位小数。
",,
,出库,出库操作费,元/CBM,"1.统计结算周期内，出库单中各物料的数量；
2.根据DJI系统中采集的产品彩盒规格参数（长宽高），将相对应的物料数量和物料参数相乘；
3.各物料乘积之和，作为结算的最终体积数据。数据保留2位小数",,
,"*除如上报价外，合同及SOW中提到的明确作业内容不允许再单独收费；
*加班费用需考虑进出入库操作费用中，不接受单独计费；
*报价不含税，请备注税率",,,,,
,,,,,,
,,,,,,
,,,,,,
,,,,,,
