,整车费率,,,,,,,,,,,,,,,
,费率由运输部（MOT）审定。所报费率不得以捆绑中标为条件。,,,,,,,,,,,,,,,
,,,,,,,,,,,,,,,,
,目的地,,,,,,,,,,,,,,,
,SHDR DC1（主配送中心）：上海临港新城普洛斯临港物流园洋浩路575号，中国上海市浦东新区,,,,,,,,,,,,,,,
,TDSC 配送中心：上海市奉贤区航塘公路3088号C栋3楼迪士尼商店仓库，开瑞益上海配送中心C3，上海市奉贤区航塘公路3088号,,,,,,,,,,,,,,,
,币种：人民币,不含增值税,,,,,,,,,,,,,,
,,,,,,,,,,,,,,,,
,,,,,SHDR DC1/TDSC DC,,,,,,,SHDR DC1/TDSC DC,,,,
,出发省份,出发城市,车型,温度类型,运输天数（不含提货日）,费率（人民币）不含增值税,出发省份,出发城市,车型,温度类型,,运输天数（不含提货日）,费率（人民币）不含增值税,,附加费说明,每次附加费（人民币）
,安徽,巢湖,10T,干货,1,3060,Anhui,Chaohu,10T,DRY,AnhuiChaohu10TDRY,,,1350,停车费（¥）,
,安徽,巢湖,12T,干货,1,3120,Anhui,Chaohu,12T,DRY,AnhuiChaohu12TDRY,,,,理货费（¥）*,
,安徽,巢湖,15T,干货,1,4776,Anhui,Chaohu,15T,DRY,AnhuiChaohu15TDRY,,,,危险品费（¥）,
,安徽,巢湖,26T,干货,1,5028,Anhui,Chaohu,26T,DRY,AnhuiChaohu26TDRY,,,,空驶费（已派车未使用）（¥）,
,安徽,巢湖,3T,干货,1,1620,Anhui,Chaohu,3T,DRY,AnhuiChaohu3TDRY,,,,,
,安徽,巢湖,5T,干货,1,2640,Anhui,Chaohu,5T,DRY,AnhuiChaohu5TDRY,,,,,
,安徽,巢湖,8T,干货,1,2520,Anhui,Chaohu,8T,DRY,AnhuiChaohu8TDRY,,,,,
,安徽,巢湖,40尺高柜,干货 - 自备箱,1,5040,Anhui,Chaohu,40'HQ,DRY - SOC,AnhuiChaohu40'HQDRY - SOC,,,,,
,安徽,天长,10T,干货,1,2760,Anhui,Tianchang,10T,DRY,AnhuiTianchang10TDRY,,,,,
,安徽,天长,12T,干货,1,2760,Anhui,Tianchang,12T,DRY,AnhuiTianchang12TDRY,,,,,
,安徽,天长,15T,干货,1,4284,Anhui,Tianchang,15T,DRY,AnhuiTianchang15TDRY,,,,,
,安徽,天长,25T,干货,1,4740,Anhui,Tianchang,25T,DRY,AnhuiTianchang25TDRY,,,,,
,安徽,天长,26T,干货,1,4980,Anhui,Tianchang,26T,DRY,AnhuiTianchang26TDRY,,,,,
,安徽,天长,3T,干货,1,1380,Anhui,Tianchang,3T,DRY,AnhuiTianchang3TDRY,,,,,
,安徽,天长,5T,干货,1,2400,Anhui,Tianchang,5T,DRY,AnhuiTianchang5TDRY,,,,,
,安徽,天长,8T,干货,1,2460,Anhui,Tianchang,8T,DRY,AnhuiTianchang8TDRY,,,,,
,安徽,天长,40尺高柜,干货 - 自备箱,1,4980,Anhui,Tianchang,40'HQ,DRY - SOC,AnhuiTianchang40'HQDRY - SOC,,,,,
,安徽,宣城,26T,干货,1,3900,Anhui,Xuancheng,26T,DRY,AnhuiXuancheng26TDRY,,,,,
,安徽,宣城,3T,干货,1,1188,Anhui,Xuancheng,3T,DRY,AnhuiXuancheng3TDRY,,,,,
,安徽,宣城,5T,干货,1,1872,Anhui,Xuancheng,5T,DRY,AnhuiXuancheng5TDRY,,,,,
,安徽,宣城,8T,干货,1,1980,Anhui,Xuancheng,8T,DRY,AnhuiXuancheng8TDRY,,,,,
,福建,泉州,10T,干货,3,4080,Fujian,Quanzhou,10T,DRY,FujianQuanzhou10TDRY,,,,,
,福建,泉州,15T,干货,3,6120,Fujian,Quanzhou,15T,DRY,FujianQuanzhou15TDRY,,,,,
,福建,泉州,25T,干货,3,6600,Fujian,Quanzhou,25T,DRY,FujianQuanzhou25TDRY,,,,,
,福建,泉州,26T,干货,3,6720,Fujian,Quanzhou,26T,DRY,FujianQuanzhou26TDRY,,,,,
,福建,泉州,5T,干货,3,3240,Fujian,Quanzhou,5T,DRY,FujianQuanzhou5TDRY,,,,,
,福建,泉州,8T,干货,3,3840,Fujian,Quanzhou,8T,DRY,FujianQuanzhou8TDRY,,,,,
,福建,泉州,40尺高柜,干货 - 自备箱,3,6840,Fujian,Quanzhou,40'HQ,DRY - SOC,FujianQuanzhou40'HQDRY - SOC,,,,,
,福建,石狮,3T,干货,3,2484,Fujian,Shishi,3T,DRY,FujianShishi3TDRY,,,,,
,福建,石狮,5T,干货,3,3480,Fujian,Shishi,5T,DRY,FujianShishi5TDRY,,,,,
,福建,石狮,8T,干货,3,3900,Fujian,Shishi,8T,DRY,FujianShishi8TDRY,,,,,
,广东,东莞,10T,干货,3,5400,Guangdong,Dongguan,10T,DRY,GuangdongDongguan10TDRY,,,,,
,广东,东莞,12T,干货,3,5580,Guangdong,Dongguan,12T,DRY,GuangdongDongguan12TDRY,,,,,
,广东,东莞,15T,干货,3,6960,Guangdong,Dongguan,15T,DRY,GuangdongDongguan15TDRY,,,,,
,广东,东莞,25T,干货,3,8200,Guangdong,Dongguan,25T,DRY,GuangdongDongguan25TDRY,,,,,
,广东,东莞,26T,干货,3,8200,Guangdong,Dongguan,26T,DRY,GuangdongDongguan26TDRY,,,,,
,广东,东莞,3T,干货,3,3360,Guangdong,Dongguan,3T,DRY,GuangdongDongguan3TDRY,,,,,
,广东,东莞,5T,干货,3,4320,Guangdong,Dongguan,5T,DRY,GuangdongDongguan5TDRY,,,,,
,广东,东莞,8T,干货,3,5280,Guangdong,Dongguan,8T,DRY,GuangdongDongguan8TDRY,,,,,
,广东,东莞,DG_3T,危险品,,,Guangdong,Dongguan,DG_3T,HAZMAT,GuangdongDongguanDG_3THAZMAT,,,,,
,广东,东莞,DG_8T,危险品,,,Guangdong,Dongguan,DG_8T,HAZMAT,GuangdongDongguanDG_8THAZMAT,,,,,
,广东,东莞,REF_3T,冷藏,,,Guangdong,Dongguan,REF_3T,REEFER,GuangdongDongguanREF_3TREEFER,,,,,
,广东,东莞,40尺高柜,干货 - 自备箱,3,8200,Guangdong,Dongguan,40'HQ,DRY - SOC,GuangdongDongguan40'HQDRY - SOC,,,,,
,广东,佛山,3T,干货,3,3600,Guangdong,Foshan,3T,DRY,GuangdongFoshan3TDRY,,,,,
,广东,佛山,5T,干货,3,4440,Guangdong,Foshan,5T,DRY,GuangdongFoshan5TDRY,,,,,
,广东,佛山,REF_3T,冷藏,,,Guangdong,Foshan,REF_3T,REEFER,GuangdongFoshanREF_3TREEFER,,,,,
,广东,佛山,REF_5T,冷藏,,,Guangdong,Foshan,REF_5T,REEFER,GuangdongFoshanREF_5TREEFER,,,,,
,广东,河源,10T,干货,3,4860,Guangdong,Heyuan,10T,DRY,GuangdongHeyuan10TDRY,,,,,
,广东,河源,26T,干货,3,8200,Guangdong,Heyuan,26T,DRY,GuangdongHeyuan26TDRY,,,,,
,广东,河源,3T,干货,3,3120,Guangdong,Heyuan,3T,DRY,GuangdongHeyuan3TDRY,,,,,
,广东,河源,DG_5T,危险品,,,Guangdong,Heyuan,DG_5T,HAZMAT,GuangdongHeyuanDG_5THAZMAT,,,,,
,广东,惠州,DG_10T,危险品,,,Guangdong,Huizhou,DG_10T,HAZMAT,GuangdongHuizhouDG_10THAZMAT,,,,,
,广东,惠州,12T,干货,3,5280,Guangdong,Huizhou,12T,DRY,GuangdongHuizhou12TDRY,,,,,
,广东,惠州,15T,干货,3,6960,Guangdong,Huizhou,15T,DRY,GuangdongHuizhou15TDRY,,,,,
,广东,惠州,26T,干货,3,8100,Guangdong,Huizhou,26T,DRY,GuangdongHuizhou26TDRY,,,,,
,广东,惠州,3T,干货,3,3240,Guangdong,Huizhou,3T,DRY,GuangdongHuizhou3TDRY,,,,,
,广东,惠州,5T,干货,3,4320,Guangdong,Huizhou,5T,DRY,GuangdongHuizhou5TDRY,,,,,
,广东,惠州,8T,干货,3,5040,Guangdong,Huizhou,8T,DRY,GuangdongHuizhou8TDRY,,,,,
,广东,惠州,40尺高柜,干货 - 自备箱,3,8100,Guangdong,Huizhou,40'HQ,DRY - SOC,GuangdongHuizhou40'HQDRY - SOC,,,,,
,广东,江门,3T,干货,3,3600,Guangdong,Jiangmen,3T,DRY,GuangdongJiangmen3TDRY,,,,,
,广东,汕头,10T,干货,3,4800,Guangdong,Shantou,10T,DRY,GuangdongShantou10TDRY,,,,,
,广东,汕头,3T,干货,3,3120,Guangdong,Shantou,3T,DRY,GuangdongShantou3TDRY,,,,,
,广东,汕头,5T,干货,3,3960,Guangdong,Shantou,5T,DRY,GuangdongShantou5TDRY,,,,,
,广东,汕头,REF_3T,冷藏,,,Guangdong,Shantou,REF_3T,REEFER,GuangdongShantouREF_3TREEFER,,,,,
,广东,汕头,REF_5T,冷藏,,,Guangdong,Shantou,REF_5T,REEFER,GuangdongShantouREF_5TREEFER,,,,,
,广东,汕头,40尺高柜,干货 - 自备箱,3,8300,Guangdong,Shantou,40'HQ,DRY - SOC,GuangdongShantou40'HQDRY - SOC,,,,,
,广东,深圳,10T,干货,3,5640,Guangdong,Shenzhen,10T,DRY,GuangdongShenzhen10TDRY,,,,,
,广东,深圳,12T,干货,3,5640,Guangdong,Shenzhen,12T,DRY,GuangdongShenzhen12TDRY,,,,,
,广东,深圳,15T,干货,3,7440,Guangdong,Shenzhen,15T,DRY,GuangdongShenzhen15TDRY,,,,,
,广东,深圳,25T,干货,3,8400,Guangdong,Shenzhen,25T,DRY,GuangdongShenzhen25TDRY,,,,,
,广东,深圳,26T,干货,3,8400,Guangdong,Shenzhen,26T,DRY,GuangdongShenzhen26TDRY,,,,,
,广东,深圳,3T,干货,3,3420,Guangdong,Shenzhen,3T,DRY,GuangdongShenzhen3TDRY,,,,,
,广东,深圳,5T,干货,3,4512,Guangdong,Shenzhen,5T,DRY,GuangdongShenzhen5TDRY,,,,,
,广东,深圳,8T,干货,3,5400,Guangdong,Shenzhen,8T,DRY,GuangdongShenzhen8TDRY,,,,,
,广东,深圳,40尺高柜,干货 - 自备箱,3,8400,Guangdong,Shenzhen,40'HQ,DRY - SOC,GuangdongShenzhen40'HQDRY - SOC,,,,,
,广东,肇庆,5T,干货,3,5040,Guangdong,Zhaoqing,5T,DRY,GuangdongZhaoqing5TDRY,,,,,
,广东,中山,10T,干货,3,6000,Guangdong,Zhongshan,10T,DRY,GuangdongZhongshan10TDRY,,,,,
,广东,中山,12T,干货,3,6000,Guangdong,Zhongshan,12T,DRY,GuangdongZhongshan12TDRY,,,,,
,广东,中山,15T,干货,3,7680,Guangdong,Zhongshan,15T,DRY,GuangdongZhongshan15TDRY,,,,,
,广东,中山,26T,干货,3,8400,Guangdong,Zhongshan,26T,DRY,GuangdongZhongshan26TDRY,,,,,
,广东,中山,3T,干货,3,3696,Guangdong,Zhongshan,3T,DRY,GuangdongZhongshan3TDRY,,,,,
,广东,中山,40尺高柜,干货 - 自备箱,3,8400,Guangdong,Zhongshan,40'HQ,DRY - SOC,GuangdongZhongshan40'HQDRY - SOC,,,,,
,广东,珠海,3T,干货,3,3816,Guangdong,Zhuhai,3T,DRY,GuangdongZhuhai3TDRY,,,,,
,广东,珠海,40尺高柜,干货 - 自备箱,3,9000,Guangdong,Zhuhai,40'HQ,DRY - SOC,GuangdongZhuhai40'HQDRY - SOC,,,,,
,广西,河池,26T,干货,4,11700,Guangxi,Hechi,26T,DRY,GuangxiHechi26TDRY,,,,,
,广西,河池,5T,干货,4,6300,Guangxi,Hechi,5T,DRY,GuangxiHechi5TDRY,,,,,
,广西,浦北,10T,干货,4,7440,Guangxi,Pubei,10T,DRY,GuangxiPubei10TDRY,,,,,
,广西,浦北,12T,干货,4,7440,Guangxi,Pubei,12T,DRY,GuangxiPubei12TDRY,,,,,
,广西,浦北,15T,干货,4,10200,Guangxi,Pubei,15T,DRY,GuangxiPubei15TDRY,,,,,
,广西,浦北,26T,干货,4,10800,Guangxi,Pubei,26T,DRY,GuangxiPubei26TDRY,,,,,
,广西,浦北,40尺高柜,干货 - 自备箱,4,10920,Guangxi,Pubei,40'HQ,DRY - SOC,GuangxiPubei40'HQDRY - SOC,,,,,
,广西,浦北,45尺高柜,干货 - 自备箱,4,10920,Guangxi,Pubei,45'HQ,DRY - SOC,GuangxiPubei45'HQDRY - SOC,,,,,
,广西,钦州,10T,干货,4,8640,Guangxi,Qinzhou,10T,DRY,GuangxiQinzhou10TDRY,,,,,
,广西,钦州,12T,干货,4,8640,Guangxi,Qinzhou,12T,DRY,GuangxiQinzhou12TDRY,,,,,
,广西,钦州,15T,干货,4,11640,Guangxi,Qinzhou,15T,DRY,GuangxiQinzhou15TDRY,,,,,
,广西,钦州,26T,干货,4,10800,Guangxi,Qinzhou,26T,DRY,GuangxiQinzhou26TDRY,,,,,
,广西,钦州,5T,干货,4,6360,Guangxi,Qinzhou,5T,DRY,GuangxiQinzhou5TDRY,,,,,
,广西,钦州,8T,干货,4,7560,Guangxi,Qinzhou,8T,DRY,GuangxiQinzhou8TDRY,,,,,
,广西,钦州,40尺高柜,干货 - 自备箱,4,11520,Guangxi,Qinzhou,40'HQ,DRY - SOC,GuangxiQinzhou40'HQDRY - SOC,,,,,
,广西,钦州,45尺高柜,干货 - 自备箱,4,11520,Guangxi,Qinzhou,45'HQ,DRY - SOC,GuangxiQinzhou45'HQDRY - SOC,,,,,
,河北,河间,15T,干货,2,9300,Hebei,Hejian,15T,DRY,HebeiHejian15TDRY,,,,,
,河北,河间,40尺高柜,干货 - 自备箱,2,9720,Hebei,Hejian,40'HQ,DRY - SOC,HebeiHejian40'HQDRY - SOC,,,,,
,湖南,郴州,10T,干货,3,5160,Hunan,Chenzhou,10T,DRY,HunanChenzhou10TDRY,,,,,
,湖南,郴州,12T,干货,3,5160,Hunan,Chenzhou,12T,DRY,HunanChenzhou12TDRY,,,,,
,湖南,郴州,15T,干货,3,8160,Hunan,Chenzhou,15T,DRY,HunanChenzhou15TDRY,,,,,
,湖南,郴州,26T,干货,3,8400,Hunan,Chenzhou,26T,DRY,HunanChenzhou26TDRY,,,,,
,湖南,郴州,8T,干货,3,4800,Hunan,Chenzhou,8T,DRY,HunanChenzhou8TDRY,,,,,
,湖南,郴州,40尺高柜,干货 - 自备箱,3,8820,Hunan,Chenzhou,40'HQ,DRY - SOC,HunanChenzhou40'HQDRY - SOC,,,,,
,湖南,资兴,12T,干货,3,5160,Hunan,Zixing,12T,DRY,HunanZixing12TDRY,,,,,
,湖南,资兴,8T,干货,3,4800,Hunan,Zixing,8T,DRY,HunanZixing8TDRY,,,,,
,江苏,常州,3T,干货,1,960,Jiangsu,Changzhou,3T,DRY,JiangsuChangzhou3TDRY,,,,,
,江苏,连云港,10T,干货,1,3300,Jiangsu,Lianyungang,10T,DRY,JiangsuLianyungang10TDRY,,,,,
,江苏,连云港,25T,干货,1,5640,Jiangsu,Lianyungang,25T,DRY,JiangsuLianyungang25TDRY,,,,,
,江苏,连云港,5T,干货,1,3060,Jiangsu,Lianyungang,5T,DRY,JiangsuLianyungang5TDRY,,,,,
,江苏,连云港,8T,干货,1,3060,Jiangsu,Lianyungang,8T,DRY,JiangsuLianyungang8TDRY,,,,,
,江苏,宿迁,10T,干货,1,3420,Jiangsu,Suqian,10T,DRY,JiangsuSuqian10TDRY,,,,,
,江苏,宿迁,8T,干货,1,3180,Jiangsu,Suqian,8T,DRY,JiangsuSuqian8TDRY,,,,,
,江苏,苏州,10T,干货,1,1500,Jiangsu,Suzhou,10T,DRY,JiangsuSuzhou10TDRY,,,,,
,江苏,苏州,12T,干货,1,1500,Jiangsu,Suzhou,12T,DRY,JiangsuSuzhou12TDRY,,,,,
,江苏,苏州,15T,干货,1,2160,Jiangsu,Suzhou,15T,DRY,JiangsuSuzhou15TDRY,,,,,
,江苏,苏州,25T,干货,1,2136,Jiangsu,Suzhou,25T,DRY,JiangsuSuzhou25TDRY,,,,,
,江苏,苏州,26T,干货,1,2352,Jiangsu,Suzhou,26T,DRY,JiangsuSuzhou26TDRY,,,,,
,江苏,苏州,3T,干货,1,660,Jiangsu,Suzhou,3T,DRY,JiangsuSuzhou3TDRY,,,,,
,江苏,苏州,5T,干货,1,960,Jiangsu,Suzhou,5T,DRY,JiangsuSuzhou5TDRY,,,,,
,江苏,苏州,8T,干货,1,1380,Jiangsu,Suzhou,8T,DRY,JiangsuSuzhou8TDRY,,,,,
,江苏,苏州,40尺高柜,干货 - 自备箱,1,2352,Jiangsu,Suzhou,40'HQ,DRY - SOC,JiangsuSuzhou40'HQDRY - SOC,,,,,
,江苏,扬州,12T,干货,1,2700,Jiangsu,Yangzhou,12T,DRY,JiangsuYangzhou12TDRY,,,,,
,江苏,扬州,5T,干货,1,2160,Jiangsu,Yangzhou,5T,DRY,JiangsuYangzhou5TDRY,,,,,
,江苏,扬州,8T,干货,1,2220,Jiangsu,Yangzhou,8T,DRY,JiangsuYangzhou8TDRY,,,,,
,江西,赣州,10T,干货,3,4320,Jiangxi,Ganzhou,10T,DRY,JiangxiGanzhou10TDRY,,,,,
,江西,赣州,12T,干货,3,4320,Jiangxi,Ganzhou,12T,DRY,JiangxiGanzhou12TDRY,,,,,
,江西,赣州,15T,干货,3,6360,Jiangxi,Ganzhou,15T,DRY,JiangxiGanzhou15TDRY,,,,,
,江西,赣州,25T,干货,3,6960,Jiangxi,Ganzhou,25T,DRY,JiangxiGanzhou25TDRY,,,,,
,江西,赣州,26T,干货,3,7560,Jiangxi,Ganzhou,26T,DRY,JiangxiGanzhou26TDRY,,,,,
,江西,赣州,3T,干货,3,2640,Jiangxi,Ganzhou,3T,DRY,JiangxiGanzhou3TDRY,,,,,
,江西,赣州,8T,干货,3,4200,Jiangxi,Ganzhou,8T,DRY,JiangxiGanzhou8TDRY,,,,,
,江西,赣州,40尺高柜,干货 - 自备箱,3,6960,Jiangxi,Ganzhou,40'HQ,DRY - SOC,JiangxiGanzhou40'HQDRY - SOC,,,,,
,江西,南昌,REF_12T,冷藏,,,Jiangxi,Nanchang,REF_12T,REEFER,JiangxiNanchangREF_12TREEFER,,,,,
,山东,青岛,10T,干货,2,4200,Shandong,Qingdao,10T,DRY,ShandongQingdao10TDRY,,,,,
,山东,青岛,12T,干货,2,4200,Shandong,Qingdao,12T,DRY,ShandongQingdao12TDRY,,,,,
,山东,青岛,3T,干货,2,2340,Shandong,Qingdao,3T,DRY,ShandongQingdao3TDRY,,,,,
,山东,青岛,5T,干货,2,3600,Shandong,Qingdao,5T,DRY,ShandongQingdao5TDRY,,,,,
,山东,青岛,8T,干货,2,3840,Shandong,Qingdao,8T,DRY,ShandongQingdao8TDRY,,,,,
,山东,泰安,3T,干货,2,2640,Shandong,Tai'An,3T,DRY,ShandongTai'An3TDRY,,,,,
,山东,泰安,5T,干货,2,3840,Shandong,Tai'An,5T,DRY,ShandongTai'An5TDRY,,,,,
,山东,威海,3T,干货,2,2760,Shandong,Weihai,3T,DRY,ShandongWeihai3TDRY,,,,,
,山东,烟台,3T,干货,2,2640,Shandong,Yantai,3T,DRY,ShandongYantai3TDRY,,,,,
,上海,上海,10T,干货,1,816,Shanghai,Shanghai,10T,DRY,ShanghaiShanghai10TDRY,,,,,
,上海,上海,3T,干货,1,300,Shanghai,Shanghai,3T,DRY,ShanghaiShanghai3TDRY,,,,,
,上海,上海,5T,干货,1,600,Shanghai,Shanghai,5T,DRY,ShanghaiShanghai5TDRY,,,,,
,上海,上海,8T,干货,1,720,Shanghai,Shanghai,8T,DRY,ShanghaiShanghai8TDRY,,,,,
,上海,上海,REF_3T,冷藏,,,Shanghai,Shanghai,REF_3T,REEFER,ShanghaiShanghaiREF_3TREEFER,,,,,
,上海,上海,REF_5T,冷藏,,,Shanghai,Shanghai,REF_5T,REEFER,ShanghaiShanghaiREF_5TREEFER,,,,,
,上海,上海,40尺普柜,干货 - 自备箱,1,1380,Shanghai,Shanghai,40'GP,DRY - SOC,ShanghaiShanghai40'GPDRY - SOC,,,,,
,上海,上海,40尺高柜,干货 - 自备箱,1,1380,Shanghai,Shanghai,40'HQ,DRY - SOC,ShanghaiShanghai40'HQDRY - SOC,,,,,
,上海,上海,25T,干货,1,1380,Shanghai,Shanghai,25T,DRY,ShanghaiShanghai25TDRY,,,,,
,陕西,安康,10T,干货,3,6600,Shanxi,Ankang,10T,DRY,ShanxiAnkang10TDRY,,,,,
,陕西,安康,15T,干货,3,11400,Shanxi,Ankang,15T,DRY,ShanxiAnkang15TDRY,,,,,
,陕西,安康,25T,干货,3,11640,Shanxi,Ankang,25T,DRY,ShanxiAnkang25TDRY,,,,,
,陕西,安康,26T,干货,3,11640,Shanxi,Ankang,26T,DRY,ShanxiAnkang26TDRY,,,,,
,陕西,安康,3T,干货,3,3960,Shanxi,Ankang,3T,DRY,ShanxiAnkang3TDRY,,,,,
,陕西,安康,5T,干货,3,5760,Shanxi,Ankang,5T,DRY,ShanxiAnkang5TDRY,,,,,
,陕西,安康,8T,干货,3,6240,Shanxi,Ankang,8T,DRY,ShanxiAnkang8TDRY,,,,,
,陕西,安康,20'GP,干货 - 自备箱,3,7560,Shanxi,Ankang,20'GP,DRY - SOC,ShanxiAnkang20'GPDRY - SOC,,,,,
,陕西,安康,40尺高柜,干货 - 自备箱,3,11940,Shanxi,Ankang,40'HQ,DRY - SOC,ShanxiAnkang40'HQDRY - SOC,,,,,
,浙江,湖州,25T,干货,1,2700,Zhejiang,Huzhou,25T,DRY,ZhejiangHuzhou25TDRY,,,,,
,浙江,湖州,26T,干货,1,2820,Zhejiang,Huzhou,26T,DRY,ZhejiangHuzhou26TDRY,,,,,
,浙江,湖州,3T,干货,1,780,Zhejiang,Huzhou,3T,DRY,ZhejiangHuzhou3TDRY,,,,,
,浙江,湖州,5T,干货,1,1380,Zhejiang,Huzhou,5T,DRY,ZhejiangHuzhou5TDRY,,,,,
,浙江,湖州,8T,干货,1,1512,Zhejiang,Huzhou,8T,DRY,ZhejiangHuzhou8TDRY,,,,,
,浙江,湖州,40尺高柜,干货 - 自备箱,1,2640,Zhejiang,Huzhou,40'HQ,DRY - SOC,ZhejiangHuzhou40'HQDRY - SOC,,,,,
,浙江,宁波,12T,干货,1,1620,Zhejiang,Ningbo,12T,DRY,ZhejiangNingbo12TDRY,,,,,
,浙江,宁波,3T,干货,1,624,Zhejiang,Ningbo,3T,DRY,ZhejiangNingbo3TDRY,,,,,
,浙江,宁波,5T,干货,1,1260,Zhejiang,Ningbo,5T,DRY,ZhejiangNingbo5TDRY,,,,,
,浙江,平湖,25T,干货,1,2460,Zhejiang,Pinghu,25T,DRY,ZhejiangPinghu25TDRY,,,,,
,浙江,平湖,3T,干货,1,540,Zhejiang,Pinghu,3T,DRY,ZhejiangPinghu3TDRY,,,,,
,浙江,平湖,5T,干货,1,780,Zhejiang,Pinghu,5T,DRY,ZhejiangPinghu5TDRY,,,,,
,浙江,平湖,8T,干货,1,1500,Zhejiang,Pinghu,8T,DRY,ZhejiangPinghu8TDRY,,,,,
,安徽,巢湖,20'GP,干货 - 自备箱,2,3300,Anhui,Chaohu,20'GP,DRY - SOC,AnhuiChaohu20'GPDRY - SOC,,,,,
,安徽,天长,20'GP,干货 - 自备箱,2,3300,Anhui,Tianchang,20'GP,DRY - SOC,AnhuiTianchang20'GPDRY - SOC,,,,,
,陕西,安康,12T,干货,3,6600,Shanxi,Ankang,12T,DRY,ShanxiAnkang12TDRY,,,,,
,江苏,常州,5T,干货,1,1680,Jiangsu,Changzhou,5T,DRY,JiangsuChangzhou5TDRY,,,,,
,江苏,常州,8T,干货,1,1680,Jiangsu,Changzhou,8T,DRY,JiangsuChangzhou8TDRY,,,,,
,江苏,常州,10T,干货,1,1860,Jiangsu,Changzhou,10T,DRY,JiangsuChangzhou10TDRY,,,,,
,江苏,常州,12T,干货,1,1860,Jiangsu,Changzhou,12T,DRY,JiangsuChangzhou12TDRY,,,,,
,江苏,常州,15T,干货,1,2820,Jiangsu,Changzhou,15T,DRY,JiangsuChangzhou15TDRY,,,,,
,江苏,常州,25T,干货,1,3060,Jiangsu,Changzhou,25T,DRY,JiangsuChangzhou25TDRY,,,,,
,江苏,常州,26T,干货,1,3300,Jiangsu,Changzhou,26T,DRY,JiangsuChangzhou26TDRY,,,,,
,江苏,常州,20'GP,干货 - 自备箱,1,2220,Jiangsu,Changzhou,20'GP,DRY - SOC,JiangsuChangzhou20'GPDRY - SOC,,,,,
,江苏,常州,40尺高柜,干货 - 自备箱,1,3300,Jiangsu,Changzhou,40'HQ,DRY - SOC,JiangsuChangzhou40'HQDRY - SOC,,,,,
,安徽,巢湖,25T,干货,2,4896,Anhui,Chaohu,25T,DRY,AnhuiChaohu25TDRY,,,,,
,湖南,郴州,20'GP,干货 - 自备箱,2,5400,Hunan,Chenzhou,20'GP,DRY - SOC,HunanChenzhou20'GPDRY - SOC,,,,,
,湖南,郴州,3T,干货,2,3120,Hunan,Chenzhou,3T,DRY,HunanChenzhou3TDRY,,,,,
,湖南,郴州,5T,干货,2,3840,Hunan,Chenzhou,5T,DRY,HunanChenzhou5TDRY,,,,,
,湖南,郴州,25T,干货,2,8400,Hunan,Chenzhou,25T,DRY,HunanChenzhou25TDRY,,,,,
,广东,东莞,20'GP,干货 - 自备箱,3,5640,Guangdong,Dongguan,20'GP,DRY - SOC,GuangdongDongguan20'GPDRY - SOC,,,,,
,广东,佛山,8T,干货,3,5520,Guangdong,Foshan,8T,DRY,GuangdongFoshan8TDRY,,,,,
,广东,佛山,10T,干货,3,5640,Guangdong,Foshan,10T,DRY,GuangdongFoshan10TDRY,,,,,
,广东,佛山,12T,干货,3,5640,Guangdong,Foshan,12T,DRY,GuangdongFoshan12TDRY,,,,,
,广东,佛山,15T,干货,3,7440,Guangdong,Foshan,15T,DRY,GuangdongFoshan15TDRY,,,,,
,广东,佛山,25T,干货,3,8400,Guangdong,Foshan,25T,DRY,GuangdongFoshan25TDRY,,,,,
,广东,佛山,26T,干货,3,8400,Guangdong,Foshan,26T,DRY,GuangdongFoshan26TDRY,,,,,
,广东,佛山,20'GP,干货 - 自备箱,3,5760,Guangdong,Foshan,20'GP,DRY - SOC,GuangdongFoshan20'GPDRY - SOC,,,,,
,广东,佛山,40尺高柜,干货 - 自备箱,3,8400,Guangdong,Foshan,40'HQ,DRY - SOC,GuangdongFoshan40'HQDRY - SOC,,,,,
,江西,赣州,20'GP,干货 - 自备箱,3,4752,Jiangxi,Ganzhou,20'GP,DRY - SOC,JiangxiGanzhou20'GPDRY - SOC,,,,,
,江西,赣州,5T,干货,3,3480,Jiangxi,Ganzhou,5T,DRY,JiangxiGanzhou5TDRY,,,,,
,广西,河池,3T,干货,4,4752,Guangxi,Hechi,3T,DRY,GuangxiHechi3TDRY,,,,,
,广西,河池,8T,干货,4,7800,Guangxi,Hechi,8T,DRY,GuangxiHechi8TDRY,,,,,
,广西,河池,10T,干货,4,7200,Guangxi,Hechi,10T,DRY,GuangxiHechi10TDRY,,,,,
,广西,河池,12T,干货,4,7200,Guangxi,Hechi,12T,DRY,GuangxiHechi12TDRY,,,,,
,广西,河池,15T,干货,4,11340,Guangxi,Hechi,15T,DRY,GuangxiHechi15TDRY,,,,,
,广西,河池,25T,干货,4,11460,Guangxi,Hechi,25T,DRY,GuangxiHechi25TDRY,,,,,
,广西,河池,20'GP,干货 - 自备箱,4,8580,Guangxi,Hechi,20'GP,DRY - SOC,GuangxiHechi20'GPDRY - SOC,,,,,
,广西,河池,40尺高柜,干货 - 自备箱,4,11880,Guangxi,Hechi,40'HQ,DRY - SOC,GuangxiHechi40'HQDRY - SOC,,,,,
,河北,河间,3T,干货,2,3480,Hebei,Hejian,3T,DRY,HebeiHejian3TDRY,,,,,
,河北,河间,5T,干货,2,5220,Hebei,Hejian,5T,DRY,HebeiHejian5TDRY,,,,,
,河北,河间,8T,干货,2,5400,Hebei,Hejian,8T,DRY,HebeiHejian8TDRY,,,,,
,河北,河间,10T,干货,2,5760,Hebei,Hejian,10T,DRY,HebeiHejian10TDRY,,,,,
,河北,河间,12T,干货,2,5760,Hebei,Hejian,12T,DRY,HebeiHejian12TDRY,,,,,
,河北,河间,20'GP,干货 - 自备箱,2,6600,Hebei,Hejian,20'GP,DRY - SOC,HebeiHejian20'GPDRY - SOC,,,,,
,河北,河间,25T,干货,2,10200,Hebei,Hejian,25T,DRY,HebeiHejian25TDRY,,,,,
,河北,河间,26T,干货,2,10800,Hebei,Hejian,26T,DRY,HebeiHejian26TDRY,,,,,
,广东,河源,5T,干货,3,3960,Guangdong,Heyuan,5T,DRY,GuangdongHeyuan5TDRY,,,,,
,广东,河源,8T,干货,3,4800,Guangdong,Heyuan,8T,DRY,GuangdongHeyuan8TDRY,,,,,
,广东,河源,12T,干货,3,4860,Guangdong,Heyuan,12T,DRY,GuangdongHeyuan12TDRY,,,,,
,广东,河源,15T,干货,3,6720,Guangdong,Heyuan,15T,DRY,GuangdongHeyuan15TDRY,,,,,
,广东,河源,25T,干货,3,8200,Guangdong,Heyuan,25T,DRY,GuangdongHeyuan25TDRY,,,,,
,广东,河源,20'GP,干货 - 自备箱,3,4800,Guangdong,Heyuan,20'GP,DRY - SOC,GuangdongHeyuan20'GPDRY - SOC,,,,,
,广东,河源,40尺高柜,干货 - 自备箱,3,8200,Guangdong,Heyuan,40’HQ,DRY - SOC,GuangdongHeyuan40’HQDRY - SOC,,,,,
,广东,惠州,10T,干货,3,5280,Guangdong,Huizhou,10T,DRY,GuangdongHuizhou10TDRY,,,,,
,广东,惠州,20'GP,干货 - 自备箱,3,4980,Guangdong,Huizhou,20'GP,DRY - SOC,GuangdongHuizhou20'GPDRY - SOC,,,,,
,广东,惠州,25T,干货,3,8100,Guangdong,Huizhou,25T,DRY,GuangdongHuizhou25TDRY,,,,,
,浙江,湖州,20'GP,干货 - 自备箱,2,1884,Zhejiang,Huzhou,20'GP,DRY - SOC,ZhejiangHuzhou20'GPDRY - SOC,,,,,
,浙江,湖州,10T,干货,2,1860,Zhejiang,Huzhou,10T,DRY,ZhejiangHuzhou10TDRY,,,,,
,浙江,湖州,12T,干货,2,1860,Zhejiang,Huzhou,12T,DRY,ZhejiangHuzhou12TDRY,,,,,
,浙江,湖州,15T,干货,2,2232,Zhejiang,Huzhou,15T,DRY,ZhejiangHuzhou15TDRY,,,,,
,广东,江门,5T,干货,3,3240,Guangdong,Jiangmen,5T,DRY,GuangdongJiangmen5TDRY,,,,,
,广东,江门,8T,干货,3,5520,Guangdong,Jiangmen,8T,DRY,GuangdongJiangmen8TDRY,,,,,
,广东,江门,10T,干货,3,5760,Guangdong,Jiangmen,10T,DRY,GuangdongJiangmen10TDRY,,,,,
,广东,江门,12T,干货,3,5760,Guangdong,Jiangmen,12T,DRY,GuangdongJiangmen12TDRY,,,,,
,广东,江门,15T,干货,3,7440,Guangdong,Jiangmen,15T,DRY,GuangdongJiangmen15TDRY,,,,,
,广东,江门,25T,干货,3,9000,Guangdong,Jiangmen,25T,DRY,GuangdongJiangmen25TDRY,,,,,
,广东,江门,26T,干货,3,9000,Guangdong,Jiangmen,26T,DRY,GuangdongJiangmen26TDRY,,,,,
,广东,江门,20'GP,干货 - 自备箱,3,5400,Guangdong,Jiangmen,20'GP,DRY - SOC,GuangdongJiangmen20'GPDRY - SOC,,,,,
,广东,江门,40尺高柜,干货 - 自备箱,3,9000,Guangdong,Jiangmen,40’HQ,DRY - SOC,GuangdongJiangmen40’HQDRY - SOC,,,,,
,江苏,连云港,3T,干货,2,1800,Jiangsu,Lianyungang,3T,DRY,JiangsuLianyungang3TDRY,,,,,
,江苏,连云港,12T,干货,2,3300,Jiangsu,Lianyungang,12T,DRY,JiangsuLianyungang12TDRY,,,,,
,江苏,连云港,15T,干货,2,5520,Jiangsu,Lianyungang,15T,DRY,JiangsuLianyungang15TDRY,,,,,
,江苏,连云港,26T,干货,2,5520,Jiangsu,Lianyungang,26T,DRY,JiangsuLianyungang26TDRY,,,,,
,江苏,连云港,20'GP,干货 - 自备箱,2,3720,Jiangsu,Lianyungang,20'GP,DRY - SOC,JiangsuLianyungang20'GPDRY - SOC,,,,,
,江苏,连云港,40尺高柜,干货 - 自备箱,2,5820,Jiangsu,Lianyungang,40’HQ,DRY - SOC,JiangsuLianyungang40’HQDRY - SOC,,,,,
,江西,南昌,3T,干货,2,2100,Jiangxi,Nanchang,3T,DRY,JiangxiNanchang3TDRY,,,,,
,江西,南昌,5T,干货,2,4680,Jiangxi,Nanchang,5T,DRY,JiangxiNanchang5TDRY,,,,,
,江西,南昌,8T,干货,2,3480,Jiangxi,Nanchang,8T,DRY,JiangxiNanchang8TDRY,,,,,
,江西,南昌,10T,干货,2,3480,Jiangxi,Nanchang,10T,DRY,JiangxiNanchang10TDRY,,,,,
,江西,南昌,12T,干货,2,3480,Jiangxi,Nanchang,12T,DRY,JiangxiNanchang12TDRY,,,,,
,江西,南昌,15T,干货,2,5760,Jiangxi,Nanchang,15T,DRY,JiangxiNanchang15TDRY,,,,,
,江西,南昌,25T,干货,2,6240,Jiangxi,Nanchang,25T,DRY,JiangxiNanchang25TDRY,,,,,
,江西,南昌,26T,干货,2,6600,Jiangxi,Nanchang,26T,DRY,JiangxiNanchang26TDRY,,,,,
,江西,南昌,20'GP,干货 - 自备箱,2,3600,Jiangxi,Nanchang,20'GP,DRY - SOC,JiangxiNanchang20'GPDRY - SOC,,,,,
,江西,南昌,40尺高柜,干货 - 自备箱,2,6600,Jiangxi,Nanchang,40’HQ,DRY - SOC,JiangxiNanchang40’HQDRY - SOC,,,,,
,浙江,宁波,8T,干货,2,1380,Zhejiang,Ningbo,8T,DRY,ZhejiangNingbo8TDRY,,,,,
,浙江,宁波,10T,干货,2,1620,Zhejiang,Ningbo,10T,DRY,ZhejiangNingbo10TDRY,,,,,
,浙江,宁波,15T,干货,2,2040,Zhejiang,Ningbo,15T,DRY,ZhejiangNingbo15TDRY,,,,,
,浙江,宁波,25T,干货,2,2460,Zhejiang,Ningbo,25T,DRY,ZhejiangNingbo25TDRY,,,,,
,浙江,宁波,26T,干货,2,2580,Zhejiang,Ningbo,26T,DRY,ZhejiangNingbo26TDRY,,,,,
,浙江,宁波,20'GP,干货 - 自备箱,2,1740,Zhejiang,Ningbo,20'GP,DRY - SOC,ZhejiangNingbo20'GPDRY - SOC,,,,,
,浙江,宁波,40尺高柜,干货 - 自备箱,2,2580,Zhejiang,Ningbo,40'HQ,DRY - SOC,ZhejiangNingbo40'HQDRY - SOC,,,,,
,浙江,平湖,10T,干货,2,1080,Zhejiang,Pinghu,10T,DRY,ZhejiangPinghu10TDRY,,,,,
,浙江,平湖,12T,干货,2,1080,Zhejiang,Pinghu,12T,DRY,ZhejiangPinghu12TDRY,,,,,
,浙江,平湖,15T,干货,2,1620,Zhejiang,Pinghu,15T,DRY,ZhejiangPinghu15TDRY,,,,,
,浙江,平湖,26T,干货,2,1860,Zhejiang,Pinghu,26T,DRY,ZhejiangPinghu26TDRY,,,,,
,浙江,平湖,20'GP,干货 - 自备箱,2,1260,Zhejiang,Pinghu,20'GP,DRY - SOC,ZhejiangPinghu20'GPDRY - SOC,,,,,
,浙江,平湖,40尺高柜,干货 - 自备箱,2,1860,Zhejiang,Pinghu,40'HQ,DRY - SOC,ZhejiangPinghu40'HQDRY - SOC,,,,,
,广西,浦北,20'GP,干货 - 自备箱,4,7800,Guangxi,Pubei,20'GP,DRY - SOC,GuangxiPubei20'GPDRY - SOC,,,,,
,广西,浦北,3T,干货,4,4440,Guangxi,Pubei,3T,DRY,GuangxiPubei3TDRY,,,,,
,广西,浦北,5T,干货,4,6000,Guangxi,Pubei,5T,DRY,GuangxiPubei5TDRY,,,,,
,广西,浦北,8T,干货,4,7140,Guangxi,Pubei,8T,DRY,GuangxiPubei8TDRY,,,,,
,广西,浦北,25T,干货,4,10800,Guangxi,Pubei,25T,DRY,GuangxiPubei25TDRY,,,,,
,山东,青岛,15T,干货,2,6600,Shandong,Qingdao,15T,DRY,ShandongQingdao15TDRY,,,,,
,山东,青岛,25T,干货,2,7440,Shandong,Qingdao,25T,DRY,ShandongQingdao25TDRY,,,,,
,山东,青岛,26T,干货,2,7800,Shandong,Qingdao,26T,DRY,ShandongQingdao26TDRY,,,,,
,山东,青岛,20'GP,干货 - 自备箱,2,4800,Shandong,Qingdao,20'GP,DRY - SOC,ShandongQingdao20'GPDRY - SOC,,,,,
,山东,青岛,40尺高柜,干货 - 自备箱,2,7440,Shandong,Qingdao,40'HQ,DRY - SOC,ShandongQingdao40'HQDRY - SOC,,,,,
,广西,钦州,20'GP,干货 - 自备箱,4,8340,Guangxi,Qinzhou,20'GP,DRY - SOC,GuangxiQinzhou20'GPDRY - SOC,,,,,
,广西,钦州,3T,干货,4,4536,Guangxi,Qinzhou,3T,DRY,GuangxiQinzhou3TDRY,,,,,
,广西,钦州,25T,干货,4,10800,Guangxi,Qinzhou,25T,DRY,GuangxiQinzhou25TDRY,,,,,
,福建,泉州,20'GP,干货 - 自备箱,3,4200,Fujian,Quanzhou,20'GP,DRY - SOC,FujianQuanzhou20'GPDRY - SOC,,,,,
,福建,泉州,3T,干货,3,2400,Fujian,Quanzhou,3T,DRY,FujianQuanzhou3TDRY,,,,,
,福建,泉州,12T,干货,3,4140,Fujian,Quanzhou,12T,DRY,FujianQuanzhou12TDRY,,,,,
,上海,上海,20'GP,干货 - 自备箱,1,960,Shanghai,Shanghai,20'GP,DRY - SOC,ShanghaiShanghai20'GPDRY - SOC,,,,,
,上海,上海,12T,干货,1,840,Shanghai,Shanghai,12T,DRY,ShanghaiShanghai12TDRY,,,,,
,上海,上海,15T,干货,1,1260,Shanghai,Shanghai,15T,DRY,ShanghaiShanghai15TDRY,,,,,
,上海,上海,26T,干货,1,1380,Shanghai,Shanghai,26T,DRY,ShanghaiShanghai26TDRY,,,,,
,广东,汕头,8T,干货,3,4560,Guangdong,Shantou,8T,DRY,GuangdongShantou8TDRY,,,,,
,广东,汕头,12T,干货,3,4920,Guangdong,Shantou,12T,DRY,GuangdongShantou12TDRY,,,,,
,广东,汕头,15T,干货,3,6240,Guangdong,Shantou,15T,DRY,GuangdongShantou15TDRY,,,,,
,广东,汕头,20'GP,干货 - 自备箱,3,5400,Guangdong,Shantou,20'GP,DRY - SOC,GuangdongShantou20'GPDRY - SOC,,,,,
,广东,汕头,25T,干货,3,8300,Guangdong,Shantou,25T,DRY,GuangdongShantou25TDRY,,,,,
,广东,汕头,26T,干货,3,8300,Guangdong,Shantou,26T,DRY,GuangdongShantou26TDRY,,,,,
,广东,深圳,20'GP,干货 - 自备箱,3,6240,Guangdong,Shenzhen,20'GP,DRY - SOC,GuangdongShenzhen20'GPDRY - SOC,,,,,
,福建,石狮,10T,干货,3,4200,Fujian,Shishi,10T,DRY,FujianShishi10TDRY,,,,,
,福建,石狮,12T,干货,3,4200,Fujian,Shishi,12T,DRY,FujianShishi12TDRY,,,,,
,福建,石狮,15T,干货,3,6000,Fujian,Shishi,15T,DRY,FujianShishi15TDRY,,,,,
,福建,石狮,25T,干货,3,6600,Fujian,Shishi,25T,DRY,FujianShishi25TDRY,,,,,
,福建,石狮,26T,干货,3,6600,Fujian,Shishi,26T,DRY,FujianShishi26TDRY,,,,,
,福建,石狮,20'GP,干货 - 自备箱,3,4200,Fujian,Shishi,20'GP,DRY - SOC,FujianShishi20'GPDRY - SOC,,,,,
,福建,石狮,40尺高柜,干货 - 自备箱,3,6840,Fujian,Shishi,40'HQ,DRY - SOC,FujianShishi40'HQDRY - SOC,,,,,
,江苏,宿迁,3T,干货,2,1740,Jiangsu,Suqian,3T,DRY,JiangsuSuqian3TDRY,,,,,
,江苏,宿迁,5T,干货,2,2856,Jiangsu,Suqian,5T,DRY,JiangsuSuqian5TDRY,,,,,
,江苏,宿迁,12T,干货,2,3420,Jiangsu,Suqian,12T,DRY,JiangsuSuqian12TDRY,,,,,
,江苏,宿迁,15T,干货,2,5160,Jiangsu,Suqian,15T,DRY,JiangsuSuqian15TDRY,,,,,
,江苏,宿迁,25T,干货,2,5760,Jiangsu,Suqian,25T,DRY,JiangsuSuqian25TDRY,,,,,
,江苏,宿迁,26T,干货,2,6000,Jiangsu,Suqian,26T,DRY,JiangsuSuqian26TDRY,,,,,
,江苏,宿迁,20'GP,干货 - 自备箱,2,4020,Jiangsu,Suqian,20'GP,DRY - SOC,JiangsuSuqian20'GPDRY - SOC,,,,,
,江苏,宿迁,40尺高柜,干货 - 自备箱,2,5700,Jiangsu,Suqian,40'HQ,DRY - SOC,JiangsuSuqian40'HQDRY - SOC,,,,,
,江苏,苏州,20'GP,干货 - 自备箱,2,1620,Jiangsu,Suzhou,20'GP,DRY - SOC,JiangsuSuzhou20'GPDRY - SOC,,,,,
,山东,泰安,8T,干货,2,4080,Shandong,Tai'An,8T,DRY,ShandongTai'An8TDRY,,,,,
,山东,泰安,10T,干货,2,4320,Shandong,Tai'An,10T,DRY,ShandongTai'An10TDRY,,,,,
,山东,泰安,12T,干货,2,4320,Shandong,Tai'An,12T,DRY,ShandongTai'An12TDRY,,,,,
,山东,泰安,15T,干货,2,7320,Shandong,Tai'An,15T,DRY,ShandongTai'An15TDRY,,,,,
,山东,泰安,25T,干货,2,8400,Shandong,Tai'An,25T,DRY,ShandongTai'An25TDRY,,,,,
,山东,泰安,26T,干货,2,8640,Shandong,Tai'An,26T,DRY,ShandongTai'An26TDRY,,,,,
,山东,泰安,20'GP,干货 - 自备箱,2,5100,Shandong,Tai'An,20'GP,DRY - SOC,ShandongTai'An20'GPDRY - SOC,,,,,
,山东,泰安,40尺高柜,干货 - 自备箱,2,7800,Shandong,Tai'An,40'HQ,DRY - SOC,ShandongTai'An40'HQDRY - SOC,,,,,
,山东,威海,5T,干货,2,4320,Shandong,Weihai,5T,DRY,ShandongWeihai5TDRY,,,,,
,山东,威海,8T,干货,2,4560,Shandong,Weihai,8T,DRY,ShandongWeihai8TDRY,,,,,
,山东,威海,10T,干货,2,4800,Shandong,Weihai,10T,DRY,ShandongWeihai10TDRY,,,,,
,山东,威海,12T,干货,2,4800,Shandong,Weihai,12T,DRY,ShandongWeihai12TDRY,,,,,
,山东,威海,15T,干货,2,7800,Shandong,Weihai,15T,DRY,ShandongWeihai15TDRY,,,,,
,山东,威海,25T,干货,2,8520,Shandong,Weihai,25T,DRY,ShandongWeihai25TDRY,,,,,
,山东,威海,26T,干货,2,8520,Shandong,Weihai,26T,DRY,ShandongWeihai26TDRY,,,,,
,山东,威海,20'GP,干货 - 自备箱,2,4800,Shandong,Weihai,20'GP,DRY - SOC,ShandongWeihai20'GPDRY - SOC,,,,,
,山东,威海,40尺高柜,干货 - 自备箱,2,9000,Shandong,Weihai,40'HQ,DRY - SOC,ShandongWeihai40'HQDRY - SOC,,,,,
,安徽,宣城,10T,干货,1,2460,Anhui,Xuancheng,10T,DRY,AnhuiXuancheng10TDRY,,,,,
,安徽,宣城,12T,干货,1,2460,Anhui,Xuancheng,12T,DRY,AnhuiXuancheng12TDRY,,,,,
,安徽,宣城,15T,干货,1,3480,Anhui,Xuancheng,15T,DRY,AnhuiXuancheng15TDRY,,,,,
,安徽,宣城,25T,干货,1,3780,Anhui,Xuancheng,25T,DRY,AnhuiXuancheng25TDRY,,,,,
,安徽,宣城,20'GP,干货 - 自备箱,1,2604,Anhui,Xuancheng,20'GP,DRY - SOC,AnhuiXuancheng20'GPDRY - SOC,,,,,
,安徽,宣城,40尺高柜,干货 - 自备箱,1,3900,Anhui,Xuancheng,40'HQ,DRY - SOC,AnhuiXuancheng40'HQDRY - SOC,,,,,
,江苏,扬州,3T,干货,2,1260,Jiangsu,Yangzhou,3T,DRY,JiangsuYangzhou3TDRY,,,,,
,江苏,扬州,10T,干货,2,2700,Jiangsu,Yangzhou,10T,DRY,JiangsuYangzhou10TDRY,,,,,
,江苏,扬州,15T,干货,2,3672,Jiangsu,Yangzhou,15T,DRY,JiangsuYangzhou15TDRY,,,,,
,江苏,扬州,25T,干货,2,4260,Jiangsu,Yangzhou,25T,DRY,JiangsuYangzhou25TDRY,,,,,
,江苏,扬州,26T,干货,2,4296,Jiangsu,Yangzhou,26T,DRY,JiangsuYangzhou26TDRY,,,,,
,江苏,扬州,20'GP,干货 - 自备箱,2,2820,Jiangsu,Yangzhou,20'GP,DRY - SOC,JiangsuYangzhou20'GPDRY - SOC,,,,,
,江苏,扬州,40尺高柜,干货 - 自备箱,2,4080,Jiangsu,Yangzhou,40'HQ,DRY - SOC,JiangsuYangzhou40'HQDRY - SOC,,,,,
,山东,烟台,5T,干货,2,4200,Shandong,Yantai,5T,DRY,ShandongYantai5TDRY,,,,,
,山东,烟台,8T,干货,2,4200,Shandong,Yantai,8T,DRY,ShandongYantai8TDRY,,,,,
,山东,烟台,10T,干货,2,4560,Shandong,Yantai,10T,DRY,ShandongYantai10TDRY,,,,,
,山东,烟台,12T,干货,2,4560,Shandong,Yantai,12T,DRY,ShandongYantai12TDRY,,,,,
,山东,烟台,15T,干货,2,7200,Shandong,Yantai,15T,DRY,ShandongYantai15TDRY,,,,,
,山东,烟台,25T,干货,2,8400,Shandong,Yantai,25T,DRY,ShandongYantai25TDRY,,,,,
,山东,烟台,26T,干货,2,8760,Shandong,Yantai,26T,DRY,ShandongYantai26TDRY,,,,,
,山东,烟台,20'GP,干货 - 自备箱,2,5400,Shandong,Yantai,20'GP,DRY - SOC,ShandongYantai20'GPDRY - SOC,,,,,
,山东,烟台,40尺高柜,干货 - 自备箱,2,8280,Shandong,Yantai,40'HQ,DRY - SOC,ShandongYantai40'HQDRY - SOC,,,,,
,广东,肇庆,3T,干货,3,3540,Guangdong,Zhaoqing,3T,DRY,GuangdongZhaoqing3TDRY,,,,,
,广东,肇庆,8T,干货,3,5640,Guangdong,Zhaoqing,8T,DRY,GuangdongZhaoqing8TDRY,,,,,
,广东,肇庆,10T,干货,3,5580,Guangdong,Zhaoqing,10T,DRY,GuangdongZhaoqing10TDRY,,,,,
,广东,肇庆,12T,干货,3,5580,Guangdong,Zhaoqing,12T,DRY,GuangdongZhaoqing12TDRY,,,,,
,广东,肇庆,15T,干货,3,6960,Guangdong,Zhaoqing,15T,DRY,GuangdongZhaoqing15TDRY,,,,,
,广东,肇庆,25T,干货,3,8640,Guangdong,Zhaoqing,25T,DRY,GuangdongZhaoqing25TDRY,,,,,
,广东,肇庆,26T,干货,3,8640,Guangdong,Zhaoqing,26T,DRY,GuangdongZhaoqing26TDRY,,,,,
,广东,肇庆,20'GP,干货 - 自备箱,3,5760,Guangdong,Zhaoqing,20'GP,DRY - SOC,GuangdongZhaoqing20'GPDRY - SOC,,,,,
,广东,肇庆,40尺高柜,干货 - 自备箱,3,8640,Guangdong,Zhaoqing,40'HQ,DRY - SOC,GuangdongZhaoqing40'HQDRY - SOC,,,,,
,广东,中山,20'GP,干货 - 自备箱,3,5520,Guangdong,Zhongshan,20'GP,DRY - SOC,GuangdongZhongshan20'GPDRY - SOC,,,,,
,广东,中山,5T,干货,3,4680,Guangdong,Zhongshan,5T,DRY,GuangdongZhongshan5TDRY,,,,,
,广东,中山,8T,干货,3,5760,Guangdong,Zhongshan,8T,DRY,GuangdongZhongshan8TDRY,,,,,
,广东,中山,25T,干货,3,8400,Guangdong,Zhongshan,25T,DRY,GuangdongZhongshan25TDRY,,,,,
,广东,珠海,5T,干货,3,4920,Guangdong,Zhuhai,5T,DRY,GuangdongZhuhai5TDRY,,,,,
,广东,珠海,8T,干货,3,5400,Guangdong,Zhuhai,8T,DRY,GuangdongZhuhai8TDRY,,,,,
,广东,珠海,10T,干货,3,6000,Guangdong,Zhuhai,10T,DRY,GuangdongZhuhai10TDRY,,,,,
,广东,珠海,12T,干货,3,6000,Guangdong,Zhuhai,12T,DRY,GuangdongZhuhai12TDRY,,,,,
,广东,珠海,15T,干货,3,7800,Guangdong,Zhuhai,15T,DRY,GuangdongZhuhai15TDRY,,,,,
,广东,珠海,20'GP,干货 - 自备箱,3,6240,Guangdong,Zhuhai,20'GP,DRY - SOC,GuangdongZhuhai20'GPDRY - SOC,,,,,
,广东,珠海,25T,干货,3,9000,Guangdong,Zhuhai,25T,DRY,GuangdongZhuhai25TDRY,,,,,
,广东,珠海,26T,干货,3,9000,Guangdong,Zhuhai,26T,DRY,GuangdongZhuhai26TDRY,,,,,
,湖南,资兴,3T,干货,2,3120,Hunan,Zixing,3T,DRY,HunanZixing3TDRY,,,,,
,湖南,资兴,5T,干货,2,3840,Hunan,Zixing,5T,DRY,HunanZixing5TDRY,,,,,
,湖南,资兴,10T,干货,2,5160,Hunan,Zixing,10T,DRY,HunanZixing10TDRY,,,,,
,湖南,资兴,15T,干货,2,8160,Hunan,Zixing,15T,DRY,HunanZixing15TDRY,,,,,
,湖南,资兴,25T,干货,2,8400,Hunan,Zixing,25T,DRY,HunanZixing25TDRY,,,,,
,湖南,资兴,26T,干货,2,8400,Hunan,Zixing,26T,DRY,HunanZixing26TDRY,,,,,
,湖南,资兴,20'GP,干货 - 自备箱,2,5460,Hunan,Zixing,20'GP,DRY - SOC,HunanZixing20'GPDRY - SOC,,,,,
,湖南,资兴,40尺高柜,干货 - 自备箱,2,9000,Hunan,Zixing,40'HQ,DRY - SOC,HunanZixing40'HQDRY - SOC,,,,,
,广西,北海,3T,干货,4,4560,Guangxi,Beihai,3T,DRY,GuangxiBeihai3TDRY,,,,,
,广西,北海,5T,干货,4,6360,Guangxi,Beihai,5T,DRY,GuangxiBeihai5TDRY,,,,,
,广西,北海,8T,干货,4,7440,Guangxi,Beihai,8T,DRY,GuangxiBeihai8TDRY,,,,,
,广西,北海,10T,干货,4,8100,Guangxi,Beihai,10T,DRY,GuangxiBeihai10TDRY,,,,,
,广西,北海,12T,干货,4,8100,Guangxi,Beihai,12T,DRY,GuangxiBeihai12TDRY,,,,,
,广西,北海,15T,干货,4,11100,Guangxi,Beihai,15T,DRY,GuangxiBeihai15TDRY,,,,,
,广西,北海,25T,干货,4,11880,Guangxi,Beihai,25T,DRY,GuangxiBeihai25TDRY,,,,,
,广西,北海,26T,干货,4,12120,Guangxi,Beihai,26T,DRY,GuangxiBeihai26TDRY,,,,,
,广西,北海,20'GP,干货 - 自备箱,4,8580,Guangxi,Beihai,20'GP,DRY - SOC,GuangxiBeihai20'GPDRY - SOC,,,,,
,广西,北海,40尺高柜,干货 - 自备箱,4,12120,Guangxi,Beihai,40'HQ,DRY - SOC,GuangxiBeihai40'HQDRY - SOC,,,,,
,浙江,温州,3T,干货,2,1380,Zhejiang,Wenzhou,3T,DRY,ZhejiangWenzhou3TDRY,,,,,
,浙江,温州,5T,干货,2,1980,Zhejiang,Wenzhou,5T,DRY,ZhejiangWenzhou5TDRY,,,,,
,浙江,温州,8T,干货,2,2220,Zhejiang,Wenzhou,8T,DRY,ZhejiangWenzhou8TDRY,,,,,
,浙江,温州,10T,干货,2,2376,Zhejiang,Wenzhou,10T,DRY,ZhejiangWenzhou10TDRY,,,,,
,浙江,温州,12T,干货,2,2376,Zhejiang,Wenzhou,12T,DRY,ZhejiangWenzhou12TDRY,,,,,
,浙江,温州,15T,干货,2,3540,Zhejiang,Wenzhou,15T,DRY,ZhejiangWenzhou15TDRY,,,,,
,浙江,温州,25T,干货,2,3660,Zhejiang,Wenzhou,25T,DRY,ZhejiangWenzhou25TDRY,,,,,
,浙江,温州,26T,干货,2,3900,Zhejiang,Wenzhou,26T,DRY,ZhejiangWenzhou26TDRY,,,,,
,浙江,温州,20'GP,干货 - 自备箱,2,2580,Zhejiang,Wenzhou,20'GP,DRY - SOC,ZhejiangWenzhou20'GPDRY - SOC,,,,,
,浙江,温州,40尺高柜,干货 - 自备箱,2,3900,Zhejiang,Wenzhou,40'HQ,DRY - SOC,ZhejiangWenzhou40'HQDRY - SOC,,,,,
