,FULL TRUCK RATES,,,,,,,,,,,,,,,,,,,,,,,,P&L,,,Type,車次,AR,AP,"毛利(年,RMB)","毛利(年,%)",,,,,,
,Rates to be awarded by MOT. Rates submitted must not be contingent upon bundled award.,,,,,,,,,,,,,,,,,,,,,,,,,,,FTL,1157,5967953,5892350,75603,0.0128307042181812,,,,,,
,,,,,,,,,,,,,,,,,,,,,,,,,,,,LTL,,2081093.2800000003,1891053.94,190039.34000000032,0.10049387591768023,,,,,,
,Destinations,,,,,,,,,,,,,,,,,,,,,,,,,,,國內海運,,113136,94280,18856,0.2,,,,,,
,"SHDR DC1(Main DC):上海临港新城普洛斯临港物流园洋浩路575号 No.575 Yanghao Road, Pudong New District, Shanghai, China",,,,,,,,,,,,,,,,,,,,,,,,,,,客服成本,,0,90000,-90000,,,,,,,
,"TDSC DC:上海市奉贤区航塘公路3088号C栋3楼DISNEY STORE WAREHOUSE,KERRYEAS SHANGHAI DISTRIBUTION CENTER C3,3088 HANGTANG HIGHWAY,FENGXIAN DISTRICT, SHANGHAI",,,,,,,,,,,,,,,,,,,,,,,,,,,調度成本,,0,120000,-120000,,,,,,,
,Currency :RMB,Exclude VAT ,,,,,,,,,,,,,,,,,,,,,,,,,,系统对接成本,,0,60000,-60000,,,,,,,
,,,,,,,,,,,,,,,,,,,,,,,,,,,,保险成本,,0,0,0,,,,,,,
,,,,,,,SHDR DC1/TDSC DC,AP,,,AP,,,,,AP,,,,,,,,,,,,綜合評估,,8162182.28,8147683.9399999995,14498.340000000317,0.00177944310392584,,,,,,
,From Province, From City ,省,市,Lorry Size, Temperature ,SHDR DC1/TDSC DC,Rate (RMB) Excluding VAT,REMARK,产品归属,蔡焱南8/27 12:00报价,"运输天数
(不含提货日)",蔡焱南8/27报价,蔡焱南8/27 12:00报价,8/27目標價,王峰8/26报价,"运输天数
(不含提货日)",價格,比對結果,I-L欄,(I-L)/I,AR,,Accessorial Description,Accessorial Charge per Occurrence (RMB),,利潤,"AR
(RMB）",預計貨量,預計營收,預計成本,,,,,,,,
AnhuiChaohu10TDRY,Anhui,Chaohu,安徽,巢湖,10T,DRY,1,2750,,华东-孙理想,2430,1,2200,2430,,2430,1,2430,蔡焱南,320,0.11636363636363636,2750,,Stop off charge (¥),,,0,2750,,,,,,,,,,,
AnhuiChaohu12TDRY,Anhui,Chaohu,安徽,巢湖,12T,DRY,1,2850,,华东-孙理想,2310,1,2310,2310,,2760,1,2310,蔡焱南,540,0.18947368421052632,2850,,Tallyman Fee (¥)*,,,0,2850,,,,,,,,,,,
AnhuiChaohu15TDRY,Anhui,Chaohu,安徽,巢湖,15T,DRY,1,3000,,华东-孙理想,2595,1,2593.5,2595,,2980,1,2595,蔡焱南,405,0.135,3000,,HAZMAT (¥),,,0,3000,,,,,,,,,,,
AnhuiChaohu26TDRY,Anhui,Chaohu,安徽,巢湖,26T,DRY,1,4250,,华东-孙理想,3975,1,3400,3975,,3975,1,3975,蔡焱南,275,0.06470588235294118,4335,,"Empty Fee (truck ordered, not used) (¥)",,,0.020000000000000018,4335,328,1421880,1394000,,,,,,,,
AnhuiChaohu3TDRY,Anhui,Chaohu,安徽,巢湖,3T,DRY,1,1450,,华东-孙理想,1220,1,1160,1220,,1220,1,1220,蔡焱南,230,0.15862068965517243,1450,,,,,0,1450,,,,,,,,,,,
AnhuiChaohu5TDRY,Anhui,Chaohu,安徽,巢湖,5T,DRY,1,2450,,华东-孙理想,2100,1,1960,2100,,2100,1,2100,蔡焱南,350,0.14285714285714285,2450,,,,,0,2450,,,,,,,,,,,
AnhuiChaohu8TDRY,Anhui,Chaohu,安徽,巢湖,8T,DRY,1,2550,,华东-孙理想,2205,1,2040,2205,,2205,1,2205,蔡焱南,345,0.13529411764705881,2550,,,,,0,2550,,,,,,,,,,,
AnhuiChaohu40'HQDRY - SOC,Anhui,Chaohu,安徽,巢湖,40'HQ,DRY - SOC,1,3750,,华东-孙理想,3860,1,3750,3860,,3860,1,3750,總部產品,-110,-0.029333333333333333,3825,,,,,0.020000000000000018,3825,20,76500,75000,,,,,,,,
AnhuiTianchang10TDRY,Anhui,Tianchang,安徽,天长,10T,DRY,1,2450,,华东-孙理想,2205,1,2047.5,2205,,2205,1,2205,蔡焱南,245,0.1,2450,,,,,0,2450,,,,,,,,,,,
AnhuiTianchang12TDRY,Anhui,Tianchang,安徽,天长,12T,DRY,1,2550,,华东-孙理想,2540,1,3097.5,2540,2540,2540,1,2540,蔡焱南,10,0.00392156862745098,2601,,,,,0.020000000000000018,2601,,,,,,,,,,,
AnhuiTianchang15TDRY,Anhui,Tianchang,安徽,天长,15T,DRY,1,2650,,华东-孙理想,2760,1,2650,2760,,2760,1,2650,蔡焱南,-110,-0.04150943396226415,2703,,,,,0.020000000000000018,2703,7,18921,18550,,,,,,,,
AnhuiTianchang25TDRY,Anhui,Tianchang,安徽,天长,25T,DRY,1,3150,,华东-孙理想,3640,1,3150,3640,,3640,1,3150,蔡焱南,-490,-0.15555555555555556,3339,,,,,0.06000000000000005,3339,127,424053,400050,,,,,,,,
AnhuiTianchang26TDRY,Anhui,Tianchang,安徽,天长,26T,DRY,1,3450,,华东-孙理想,3640,1,3450,3640,,3640,1,3450,蔡焱南,-190,-0.05507246376811594,3519,,,,,0.020000000000000018,3519,,,,,,,,,,,
AnhuiTianchang3TDRY,Anhui,Tianchang,安徽,天长,3T,DRY,1,1400,,华东-孙理想,1195,1,1120,1195,,1195,1,1195,蔡焱南,205,0.14642857142857144,1400,,,,,0,1400,,,,,,,,,,,
AnhuiTianchang5TDRY,Anhui,Tianchang,安徽,天长,5T,DRY,1,2250,,华东-孙理想,1990,1,1800,1990,,1990,1,1990,蔡焱南,260,0.11555555555555555,2250,,,,,0,2250,,,,,,,,,,,
AnhuiTianchang8TDRY,Anhui,Tianchang,安徽,天长,8T,DRY,1,2350,,华东-孙理想,1990,1,1880,1990,,1990,1,1990,蔡焱南,360,0.15319148936170213,2350,,,,,0,2350,,,,,,,,,,,
AnhuiTianchang40'HQDRY - SOC,Anhui,Tianchang,安徽,天长,40'HQ,DRY - SOC,1,3750,,华东-孙理想,3640,1,3360,3640,,3640,1,3640,蔡焱南,110,0.029333333333333333,3825,,,,,0.020000000000000018,3825,,,,,,,,,,,
AnhuiXuancheng26TDRY,Anhui,Xuancheng,安徽,宣城,26T,DRY,1,3050,,华东-孙理想,3200,1,3050,3200,,3200,1,3050,蔡焱南,-150,-0.04918032786885246,3111,,,,,0.020000000000000018,3111,,,,,,,,,,,
AnhuiXuancheng3TDRY,Anhui,Xuancheng,安徽,宣城,3T,DRY,1,1150,,华东-孙理想,1105,1,920,1105,,1105,1,1105,蔡焱南,45,0.0391304347826087,1173,,,,,0.020000000000000018,1173,,,,,,,,,,,
AnhuiXuancheng5TDRY,Anhui,Xuancheng,安徽,宣城,5T,DRY,1,1850,,华东-孙理想,1655,1,1480,1655,,1655,1,1655,蔡焱南,195,0.10540540540540541,1850,,,,,0,1850,,,,,,,,,,,
AnhuiXuancheng8TDRY,Anhui,Xuancheng,安徽,宣城,8T,DRY,1,1950,,华东-孙理想,1655,1,1560,1655,,1655,1,1655,蔡焱南,295,0.15128205128205127,1950,,,,,0,1950,,,,,,,,,,,
FujianQuanzhou10TDRY,Fujian,Quanzhou,福建,泉州,10T,DRY,,4500,,华南 - 许建生,3535,2,3375,3535,,3535,2,3535,蔡焱南,965,0.21444444444444444,4500,,,,,0,4500,,,,,,,,,,,
FujianQuanzhou15TDRY,Fujian,Quanzhou,福建,泉州,15T,DRY,,4700,,华南 - 许建生,3860,2,3760,3860,,3860,2,3860,蔡焱南,840,0.17872340425531916,4700,,,,,0,4700,,,,,,,,,,,
FujianQuanzhou25TDRY,Fujian,Quanzhou,福建,泉州,25T,DRY,,6800,,华南 - 许建生,5080,2,5080,5080,,5080,2,5080,蔡焱南,1720,0.2529411764705882,6800,,,,,0,6800,35,238000,238000,,,,,,,,
FujianQuanzhou26TDRY,Fujian,Quanzhou,福建,泉州,26T,DRY,,6900,,华南 - 许建生,5295,2,5175,5295,,5295,2,5295,蔡焱南,1605,0.2326086956521739,6900,,,,,0,6900,,,,,,,,,,,
FujianQuanzhou5TDRY,Fujian,Quanzhou,福建,泉州,5T,DRY,,3900,,华南 - 许建生,2980,2,2925,2980,,2980,2,2980,蔡焱南,920,0.2358974358974359,3900,,,,,0,3900,,,,,,,,,,,
FujianQuanzhou8TDRY,Fujian,Quanzhou,福建,泉州,8T,DRY,,4000,,华南 - 许建生,3535,2,3200,3535,,3535,2,3535,蔡焱南,465,0.11625,4000,,,,,0,4000,,,,,,,,,,,
FujianQuanzhou40'HQDRY - SOC,Fujian,Quanzhou,福建,泉州,40'HQ,DRY - SOC,,6250,DRY - SOC（自备柜）,华南 - 许建生,5080,2,5000,5080,,5080,2,5080,蔡焱南,1170,0.1872,6250,,,,,0,6250,5,31250,31250,,,,,,,,
FujianShishi3TDRY,Fujian,Shishi,福建,石狮,3T,DRY,,2950,,华南 - 许建生,2205,2,2205,2205,,2205,2,2205,蔡焱南,745,0.25254237288135595,2950,,,,,0,2950,,,,,,,,,,,
FujianShishi5TDRY,Fujian,Shishi,福建,石狮,5T,DRY,,3900,,华南 - 许建生,2875,2,2875,2875,,2875,2,2875,蔡焱南,1025,0.26282051282051283,3900,,,,,0,3900,4,15600,15600,,,,,,,,
FujianShishi8TDRY,Fujian,Shishi,福建,石狮,8T,DRY,,4000,,华南 - 许建生,2980,2,2980,2980,,2980,2,2980,蔡焱南,1020,0.255,4000,,,,,0,4000,,,,,,,,,,,
GuangdongDongguan10TDRY,Guangdong,Dongguan,广东,东莞,10T,DRY,,5300,,华南 - 许建生,4965,3,4240,4965,,4965,3,4965,蔡焱南,335,0.06320754716981132,5406,,,,,0.020000000000000018,5406,,,,,,,,,,,
GuangdongDongguan12TDRY,Guangdong,Dongguan,广东,东莞,12T,DRY,,5400,,华南 - 许建生,5080,3,4320,5080,,5080,3,5080,蔡焱南,320,0.05925925925925926,5508,,,,,0.020000000000000018,5508,,,,,,,,,,,
GuangdongDongguan15TDRY,Guangdong,Dongguan,广东,东莞,15T,DRY,,5500,,华南 - 许建生,5295,3,4400,5295,,5295,3,5295,蔡焱南,205,0.03727272727272727,5610,,,,,0.020000000000000018,5610,,,,,,,,,,,
GuangdongDongguan25TDRY,Guangdong,Dongguan,广东,东莞,25T,DRY,,7700,,华南 - 许建生,6615,3,6160,6615,,6615,3,6615,蔡焱南,1085,0.1409090909090909,7700,,,,,0,7700,157,1208900,1208900,,,,,,,,
GuangdongDongguan26TDRY,Guangdong,Dongguan,广东,东莞,26T,DRY,,7800,,华南 - 许建生,6615,3,6240,6615,,6615,3,6615,蔡焱南,1185,0.1519230769230769,7800,,,,,0,7800,,,,,,,,,,,
GuangdongDongguan3TDRY,Guangdong,Dongguan,广东,东莞,3T,DRY,,3800,,华南 - 许建生,3310,3,3040,3310,,3310,3,3310,蔡焱南,490,0.12894736842105264,3800,,,,,0,3800,,,,,,,,,,,
GuangdongDongguan5TDRY,Guangdong,Dongguan,广东,东莞,5T,DRY,,4800,,华南 - 许建生,3975,3,3840,3975,,3975,3,3975,蔡焱南,825,0.171875,4800,,,,,0,4800,,,,,,,,,,,
GuangdongDongguan8TDRY,Guangdong,Dongguan,广东,东莞,8T,DRY,,4900,,华南 - 许建生,4085,3,3920,4085,,4085,3,4085,蔡焱南,815,0.1663265306122449,4900,,,,,0,4900,,,,,,,,,,,
GuangdongDongguanDG_3THAZMAT,Guangdong,Dongguan,广东,东莞,DG_3T,HAZMAT,,,HAZMAT（危险品9类）,华南 - 许建生,,0,0,0,,0,0,0,總部產品,,,,,,,,,,,,,,,,,,,,
GuangdongDongguanDG_8THAZMAT,Guangdong,Dongguan,广东,东莞,DG_8T,HAZMAT,,,HAZMAT（危险品9类）,华南 - 许建生,,0,0,0,,0,0,0,總部產品,,,,,,,,,,,,,,,,,,,,
GuangdongDongguanREF_3TREEFER,Guangdong,Dongguan,广东,东莞,REF_3T,REEFER,,,,华南 - 许建生,,0,0,0,,0,0,0,總部產品,,,,,,,,,,,,,,,,,,,,
GuangdongDongguan40'HQDRY - SOC,Guangdong,Dongguan,广东,东莞,40'HQ,DRY - SOC,,6600,DRY - SOC（自备柜）,华南 - 许建生,6615,3,6600,6615,,6615,3,6600,蔡焱南,-15,-0.0022727272727272726,6732,,,,,0.020000000000000018,6732,15,100980,99000,,,,,,,,
GuangdongFoshan3TDRY,Guangdong,Foshan,广东,佛山,3T,DRY,,3800,,华南 - 许建生,3310,3,3040,3310,,3310,3,3310,蔡焱南,490,0.12894736842105264,3800,,,,,0,3800,,,,,,,,,,,
GuangdongFoshan5TDRY,Guangdong,Foshan,广东,佛山,5T,DRY,,4800,,华南 - 许建生,3975,3,3840,3975,,3975,3,3975,蔡焱南,825,0.171875,4800,,,,,0,4800,2,9600,9600,,,,,,,,
GuangdongFoshanREF_3TREEFER,Guangdong,Foshan,广东,佛山,REF_3T,REEFER,,,,华南 - 许建生,,0,0,0,,0,0,0,總部產品,,,,,,,,,,,,,,,,,,,,
GuangdongFoshanREF_5TREEFER,Guangdong,Foshan,广东,佛山,REF_5T,REEFER,,,,华南 - 许建生,,0,0,0,,0,0,0,總部產品,,,,,,,,,,,,,,,,,,,,
GuangdongHeyuan10TDRY,Guangdong,Heyuan,广东,河源,10T,DRY,,5400,,华南 - 许建生,4195,3,4050,4195,,4195,3,4195,蔡焱南,1205,0.22314814814814815,5400,,,,,0,5400,,,,,,,,,,,
GuangdongHeyuan26TDRY,Guangdong,Heyuan,广东,河源,26T,DRY,,7800,,华南 - 许建生,6065,3,5850,6065,,6065,3,6065,蔡焱南,1735,0.22243589743589742,7800,,,,,0,7800,,,,,,,,,,,
GuangdongHeyuan3TDRY,Guangdong,Heyuan,广东,河源,3T,DRY,,3800,,华南 - 许建生,2875,3,2850,2875,,2875,3,2875,蔡焱南,925,0.24342105263157895,3800,,,,,0,3800,7,26600,26600,,,,,,,,
GuangdongHeyuanDG_5THAZMAT,Guangdong,Heyuan,广东,河源,DG_5T,HAZMAT,,,HAZMAT（危险品9类）,华南 - 许建生,,0,0,0,,0,0,0,總部產品,,,,,,,,,,,,,,,,,,,,
GuangdongHuizhouDG_10THAZMAT,Guangdong,Huizhou,广东,惠州,DG_10T,HAZMAT,,,HAZMAT（危险品9类）,华南 - 许建生,,0,0,0,,0,0,0,總部產品,,,,,,,,,,,,,,,,,,,,
GuangdongHuizhou12TDRY,Guangdong,Huizhou,广东,惠州,12T,DRY,,5400,,华南 - 许建生,4745,3,4320,4745,,4745,3,4745,蔡焱南,655,0.12129629629629629,5400,,,,,0,5400,1,5400,5400,,,,,,,,
GuangdongHuizhou15TDRY,Guangdong,Huizhou,广东,惠州,15T,DRY,,5500,,华南 - 许建生,4965,3,4400,4965,,4965,3,4965,蔡焱南,535,0.09727272727272727,5500,,,,,0,5500,,,,,,,,,,,
GuangdongHuizhou26TDRY,Guangdong,Huizhou,广东,惠州,26T,DRY,,7800,,华南 - 许建生,6065,3,5850,6065,,6065,3,6065,蔡焱南,1735,0.22243589743589742,7800,,,,,0,7800,,,,,,,,,,,
GuangdongHuizhou3TDRY,Guangdong,Huizhou,广东,惠州,3T,DRY,,3800,,华南 - 许建生,2980,3,2850,2980,,2980,3,2980,蔡焱南,820,0.21578947368421053,3800,,,,,0,3800,,,,,,,,,,,
GuangdongHuizhou5TDRY,Guangdong,Huizhou,广东,惠州,5T,DRY,,4800,,华南 - 许建生,3860,3,3840,3860,,3860,3,3860,蔡焱南,940,0.19583333333333333,4800,,,,,0,4800,,,,,,,,,,,
GuangdongHuizhou8TDRY,Guangdong,Huizhou,广东,惠州,8T,DRY,,4900,,华南 - 许建生,3860,3,3675,3860,,3860,3,3860,蔡焱南,1040,0.21224489795918366,4900,,,,,0,4900,,,,,,,,,,,
GuangdongHuizhou40'HQDRY - SOC,Guangdong,Huizhou,广东,惠州,40'HQ,DRY - SOC,,6600,DRY - SOC（自备柜）,华南 - 许建生,6065,3,5280,6065,,6065,3,6065,蔡焱南,535,0.08106060606060606,6600,,,,,0,6600,,,,,,,,,,,
GuangdongJiangmen3TDRY,Guangdong,Jiangmen,广东,江门,3T,DRY,,3900,,华南 - 许建生,3310,3,3120,3310,,3310,3,3310,蔡焱南,590,0.15128205128205127,3900,,,,,0,3900,1,3900,3900,,,,,,,,
GuangdongShantou10TDRY,Guangdong,Shantou,广东,汕头,10T,DRY,,5100,,华南 - 许建生,4250,3,4080,4250,,4250,3,4250,蔡焱南,850,0.16666666666666666,5100,,,,,0,5100,,,,,,,,,,,
GuangdongShantou3TDRY,Guangdong,Shantou,广东,汕头,3T,DRY,,3600,,华南 - 许建生,2705,3,2700,2705,,2705,3,2705,蔡焱南,895,0.24861111111111112,3600,,,,,0,3600,,,,,,,,,,,
GuangdongShantou5TDRY,Guangdong,Shantou,广东,汕头,5T,DRY,,4800,,华南 - 许建生,3310,3,3120,3310,,3310,3,3310,蔡焱南,1490,0.3104166666666667,4800,,,,,0,4800,,,,,,,,,,,
GuangdongShantouREF_3TREEFER,Guangdong,Shantou,广东,汕头,REF_3T,REEFER,,,,华南 - 许建生,,0,0,0,,0,0,0,總部產品,,,,,,,,,,,,,,,,,,,,
GuangdongShantouREF_5TREEFER,Guangdong,Shantou,广东,汕头,REF_5T,REEFER,,,,华南 - 许建生,,0,0,0,,0,0,0,總部產品,,,,,,,,,,,,,,,,,,,,
GuangdongShantou40'HQDRY - SOC,Guangdong,Shantou,广东,汕头,40'HQ,DRY - SOC,,6900,DRY - SOC（自备柜）,华南 - 许建生,5740,3,5520,5740,,5740,3,5740,蔡焱南,1160,0.1681159420289855,6900,,,,,0,6900,1,6900,6900,,,,,,,,
GuangdongShenzhen10TDRY,Guangdong,Shenzhen,广东,深圳,10T,DRY,,5300,,华南 - 许建生,4635,3,4240,4635,,4635,3,4635,蔡焱南,665,0.12547169811320755,5300,,,,,0,5300,,,,,,,,,,,
GuangdongShenzhen12TDRY,Guangdong,Shenzhen,广东,深圳,12T,DRY,,5400,,华南 - 许建生,4855,3,4320,4855,,4855,3,4855,蔡焱南,545,0.10092592592592593,5400,,,,,0,5400,3,16200,16200,,,,,,,,
GuangdongShenzhen15TDRY,Guangdong,Shenzhen,广东,深圳,15T,DRY,,5500,,华南 - 许建生,5080,3,4400,5080,,5080,3,5080,蔡焱南,420,0.07636363636363637,5500,,,,,0,5500,,,,,,,,,,,
GuangdongShenzhen25TDRY,Guangdong,Shenzhen,广东,深圳,25T,DRY,,7700,,华南 - 许建生,6510,3,6160,6510,,6510,3,6510,蔡焱南,1190,0.15454545454545454,7700,,,,,0,7700,38,292600,292600,,,,,,,,
GuangdongShenzhen26TDRY,Guangdong,Shenzhen,广东,深圳,26T,DRY,,7800,,华南 - 许建生,6510,3,6240,6510,,6510,3,6510,蔡焱南,1290,0.16538461538461538,7800,,,,,0,7800,,,,,,,,,,,
GuangdongShenzhen3TDRY,Guangdong,Shenzhen,广东,深圳,3T,DRY,,3800,,华南 - 许建生,3200,3,3040,3200,,3200,3,3200,蔡焱南,600,0.15789473684210525,3800,,,,,0,3800,,,,,,,,,,,
GuangdongShenzhen5TDRY,Guangdong,Shenzhen,广东,深圳,5T,DRY,,4800,,华南 - 许建生,3860,3,3840,3860,,3860,3,3860,蔡焱南,940,0.19583333333333333,4800,,,,,0,4800,,,,,,,,,,,
GuangdongShenzhen8TDRY,Guangdong,Shenzhen,广东,深圳,8T,DRY,,4900,,华南 - 许建生,3975,3,3920,3975,,3975,3,3975,蔡焱南,925,0.18877551020408162,4900,,,,,0,4900,,,,,,,,,,,
GuangdongShenzhen40'HQDRY - SOC,Guangdong,Shenzhen,广东,深圳,40'HQ,DRY - SOC,,6900,DRY - SOC（自备柜）,华南 - 许建生,6510,3,5520,6510,,6510,3,6510,蔡焱南,390,0.05652173913043478,7038,,,,,0.020000000000000018,7038,,,,,,,,,,,
GuangdongZhaoqing5TDRY,Guangdong,Zhaoqing,广东,肇庆,5T,DRY,,5300,,华南 - 许建生,4025,3,3975,4025,,4025,3,4025,蔡焱南,1275,0.24056603773584906,5300,,,,,0,5300,1,5300,5300,,,,,,,,
GuangdongZhongshan10TDRY,Guangdong,Zhongshan,广东,中山,10T,DRY,,5600,,华南 - 许建生,4965,3,4480,4965,,4965,3,4965,蔡焱南,635,0.11339285714285714,5600,,,,,0,5600,,,,,,,,,,,
GuangdongZhongshan12TDRY,Guangdong,Zhongshan,广东,中山,12T,DRY,,5700,,华南 - 许建生,5080,3,4560,5080,,5080,3,5080,蔡焱南,620,0.10877192982456141,5700,,,,,0,5700,10,57000,57000,,,,,,,,
GuangdongZhongshan15TDRY,Guangdong,Zhongshan,广东,中山,15T,DRY,,5800,,华南 - 许建生,5295,3,4640,5295,,5295,3,5295,蔡焱南,505,0.08706896551724137,5800,,,,,0,5800,,,,,,,,,,,
GuangdongZhongshan26TDRY,Guangdong,Zhongshan,广东,中山,26T,DRY,,8300,,华南 - 许建生,6615,3,6225,6615,,6615,3,6615,蔡焱南,1685,0.20301204819277108,8300,,,,,0,8300,,,,,,,,,,,
GuangdongZhongshan3TDRY,Guangdong,Zhongshan,广东,中山,3T,DRY,,3900,,华南 - 许建生,3310,3,3120,3310,,3310,3,3310,蔡焱南,590,0.15128205128205127,3900,,,,,0,3900,,,,,,,,,,,
GuangdongZhongshan40'HQDRY - SOC,Guangdong,Zhongshan,广东,中山,40'HQ,DRY - SOC,,7400,DRY - SOC（自备柜）,华南 - 许建生,6615,3,5920,6615,,6615,3,6615,蔡焱南,785,0.10608108108108108,7400,,,,,0,7400,1,7400,7400,,,,,,,,
GuangdongZhuhai3TDRY,Guangdong,Zhuhai,广东,珠海,3T,DRY,,3900,,华南 - 许建生,3310,3,3120,3310,,3310,3,3310,蔡焱南,590,0.15128205128205127,3900,,,,,0,3900,1,3900,3900,,,,,,,,
GuangdongZhuhai40'HQDRY - SOC,Guangdong,Zhuhai,广东,珠海,40'HQ,DRY - SOC,,7400,DRY - SOC（自备柜）,华南 - 许建生,6615,3,5920,6615,,6615,3,6615,蔡焱南,785,0.10608108108108108,7400,,,,,0,7400,,,,,,,,,,,
GuangxiHechi26TDRY,Guangxi,Hechi,广西,河池,26T,DRY,,10500,,华南 - 许建生,8935,4,8400,8935,,8935,4,8935,蔡焱南,1565,0.14904761904761904,10500,,,,,0,10500,,,,,,,,,,,
GuangxiHechi5TDRY,Guangxi,Hechi,广西,河池,5T,DRY,,7000,,华南 - 许建生,4745,4,4745,4745,,4745,4,4745,蔡焱南,2255,0.3221428571428571,7000,,,,,0,7000,,,,,,,,,,,
GuangxiPubei10TDRY,Guangxi,Pubei,广西,浦北县,10T,DRY,,7300,,华南 - 许建生,5955,4,5840,5955,,5955,4,5955,蔡焱南,1345,0.18424657534246575,7300,,,,,0,7300,,,,,,,,,,,
GuangxiPubei12TDRY,Guangxi,Pubei,广西,浦北县,12T,DRY,,7400,,华南 - 许建生,6510,4,5920,6510,,6510,4,6510,蔡焱南,890,0.12027027027027028,7400,,,,,0,7400,,,,,,,,,,,
GuangxiPubei15TDRY,Guangxi,Pubei,广西,浦北县,15T,DRY,,7500,,华南 - 许建生,6615,4,6000,6615,,6615,4,6615,蔡焱南,885,0.118,7500,,,,,0,7500,,,,,,,,,,,
GuangxiPubei26TDRY,Guangxi,Pubei,广西,浦北县,26T,DRY,,10700,,华南 - 许建生,8935,4,8560,8935,,8935,4,8935,蔡焱南,1765,0.1649532710280374,10700,,,,,0,10700,,,,,,,,,,,
GuangxiPubei40'HQDRY - SOC,Guangxi,Pubei,广西,浦北县,40'HQ,DRY - SOC,,9400,DRY - SOC（自备柜）,华南 - 许建生,8820,4,7520,8820,,8820,4,8820,蔡焱南,580,0.06170212765957447,9588,,,,,0.020000000000000018,9588,12,115056,112800,,,,,,,,
GuangxiPubei45'HQDRY - SOC,Guangxi,Pubei,广西,浦北县,45'HQ,DRY - SOC,,9700,DRY - SOC（自备柜）,华南 - 许建生,8935,4,7760,8935,,8935,4,8935,蔡焱南,765,0.0788659793814433,9700,,,,,0,9700,,,,,,,,,,,
GuangxiQinzhou10TDRY,Guangxi,Qinzhou,广西,钦州,10T,DRY,,7300,,华南 - 许建生,6290,4,5840,6290,,6290,4,6290,蔡焱南,1010,0.13835616438356163,7300,,,,,0,7300,,,,,,,,,,,
GuangxiQinzhou12TDRY,Guangxi,Qinzhou,广西,钦州,12T,DRY,,7400,,华南 - 许建生,6510,4,5920,6510,,6510,4,6510,蔡焱南,890,0.12027027027027028,7400,,,,,0,7400,,,,,,,,,,,
GuangxiQinzhou15TDRY,Guangxi,Qinzhou,广西,钦州,15T,DRY,,7500,,华南 - 许建生,6615,4,6000,6615,,6615,4,6615,蔡焱南,885,0.118,7500,,,,,0,7500,,,,,,,,,,,
GuangxiQinzhou26TDRY,Guangxi,Qinzhou,广西,钦州,26T,DRY,,10700,,华南 - 许建生,9045,4,8560,9045,,9045,4,9045,蔡焱南,1655,0.15467289719626168,10700,,,,,0,10700,85,909500,909500,,,,,,,,
GuangxiQinzhou5TDRY,Guangxi,Qinzhou,广西,钦州,5T,DRY,,7000,,华南 - 许建生,5405,4,5250,5405,,5405,4,5405,蔡焱南,1595,0.22785714285714287,7000,,,,,0,7000,,,,,,,,,,,
GuangxiQinzhou8TDRY,Guangxi,Qinzhou,广西,钦州,8T,DRY,,7100,,华南 - 许建生,5515,4,5325,5515,,5515,4,5515,蔡焱南,1585,0.22323943661971832,7100,,,,,0,7100,,,,,,,,,,,
GuangxiQinzhou40'HQDRY - SOC,Guangxi,Qinzhou,广西,钦州,40'HQ,DRY - SOC,,9400,DRY - SOC（自备柜）,华南 - 许建生,8820,4,7520,8820,,8820,4,8820,蔡焱南,580,0.06170212765957447,9588,,,,,0.020000000000000018,9588,17,162996,159800,,,,,,,,
GuangxiQinzhou45'HQDRY - SOC,Guangxi,Qinzhou,广西,钦州,45'HQ,DRY - SOC,,9700,DRY - SOC（自备柜）,华南 - 许建生,9045,4,7760,9045,,9045,4,9045,蔡焱南,655,0.06752577319587628,9700,,,,,0,9700,,,,,,,,,,,
HebeiHejian15TDRY,Hebei,Hejian,河北,河间,15T,DRY,1,7200,,京津-張學煜,6065,2,5760,6065,,6065,2,6065,蔡焱南,1135,0.15763888888888888,7200,,,,,0,7200,2,14400,14400,,,,,,,,
HebeiHejian40'HQDRY - SOC,Hebei,Hejian,河北,河间,40'HQ,DRY - SOC,1,9000,,京津-張學煜,7390,2,7200,7390,,7390,2,7390,蔡焱南,1610,0.17888888888888888,9000,,,,,0,9000,1,9000,9000,,,,,,,,
HunanChenzhou10TDRY,Hunan,Chenzhou,湖南,郴州,10T,DRY,,5000,,华中-王莲花,4200,3,4200,4200,,4410,3,4200,蔡焱南,800,0.16,5000,,,,,0,5000,,,,,,,,,,,
HunanChenzhou12TDRY,Hunan,Chenzhou,湖南,郴州,12T,DRY,,5300,,华中-王莲花,4410,3,4240,4410,,4410,3,4410,蔡焱南,890,0.16792452830188678,5300,,,,,0,5300,,,,,,,,,,,
HunanChenzhou15TDRY,Hunan,Chenzhou,湖南,郴州,15T,DRY,,5700,,华中-王莲花,4745,3,4560,4745,,4745,3,4745,蔡焱南,955,0.1675438596491228,5700,,,,,0,5700,13,74100,74100,,,,,,,,
HunanChenzhou26TDRY,Hunan,Chenzhou,湖南,郴州,26T,DRY,,7200,,华中-王莲花,5880,3,5880,5880,,6615,3,5880,蔡焱南,1320,0.18333333333333332,7200,,,,,0,7200,,,,,,,,,,,
HunanChenzhou8TDRY,Hunan,Chenzhou,湖南,郴州,8T,DRY,,4700,,华中-王莲花,3425,3,3290,3425,,3425,3,3425,蔡焱南,1275,0.2712765957446808,4700,,,,,0,4700,,,,,,,,,,,
HunanChenzhou40'HQDRY - SOC,Hunan,Chenzhou,湖南,郴州,40'HQ,DRY - SOC,,8250,,华中-王莲花,6180,3,6180,6180,,6180,3,6180,蔡焱南,2070,0.2509090909090909,8250,,,,,0,8250,1,8250,8250,,,,,,,,
HunanZixing12TDRY,Hunan,Zixing,湖南,资兴,12T,DRY,,5400,,华中-王莲花,4410,3,4320,4410,,4410,3,4410,蔡焱南,990,0.18333333333333332,5400,,,,,0,5400,,,,,,,,,,,
HunanZixing8TDRY,Hunan,Zixing,湖南,资兴,8T,DRY,,4600,,华中-王莲花,3425,3,3450,3425,,3425,3,3425,蔡焱南,1175,0.2554347826086957,4600,,,,,0,4600,,,,,,,,,,,
JiangsuChangzhou3TDRY,Jiangsu,Changzhou,江苏,常州,3T,DRY,1,900,,华东-孙理想,787.5,1,787.5,787.5,,845,1,787.5,蔡焱南,112.5,0.125,900,,,,,0,900,1,900,900,,,,,,,,
JiangsuLianyungang10TDRY,Jiangsu,Lianyungang,江苏,连云港,10T,DRY,1,3150,,华东-孙理想,2625,1,1545,2625,,1545,1,1545,王峰,525,0.16666666666666666,3150,,,,,0,3150,,,,,,,,,,,
JiangsuLianyungang25TDRY,Jiangsu,Lianyungang,江苏,连云港,25T,DRY,1,4350,,华东-孙理想,3885,1,2175,3885,,2205,1,2205,王峰,465,0.10689655172413794,4350,,,,,0,4350,,,,,,,,,,,
JiangsuLianyungang5TDRY,Jiangsu,Lianyungang,江苏,连云港,5T,DRY,1,2850,,华东-孙理想,1995,1,1995,1995,1220,1220,1,1220,王峰,855,0.3,2850,,,,,0,2850,,,,,,,,,,,
JiangsuLianyungang8TDRY,Jiangsu,Lianyungang,江苏,连云港,8T,DRY,1,3000,,华东-孙理想,2310,1,2310,2310,1330,1330,1,1330,王峰,690,0.23,3000,,,,,0,3000,,,,,,,,,,,
JiangsuSuqian10TDRY,Jiangsu,Suqian,江苏,宿迁,10T,DRY,1,3150,,华东-孙理想,2875,1,2520,2875,,2875,1,2875,蔡焱南,275,0.0873015873015873,3150,,,,,0,3150,,,,,,,,,,,
JiangsuSuqian8TDRY,Jiangsu,Suqian,江苏,宿迁,8T,DRY,1,3000,,华东-孙理想,2540,1,2400,2540,,2540,1,2540,蔡焱南,460,0.15333333333333332,3000,,,,,0,3000,,,,,,,,,,,
JiangsuSuzhou10TDRY,Jiangsu,Suzhou,江苏,苏州,10T,DRY,1,950,,华东-孙理想,1105,1,950,1105,,1105,1,950,蔡焱南,-155,-0.1631578947368421,1007,,,,,0.06000000000000005,1007,,,,,,,,,,,
JiangsuSuzhou12TDRY,Jiangsu,Suzhou,江苏,苏州,12T,DRY,1,1000,,华东-孙理想,1330,1,1000,1330,,1330,1,1000,蔡焱南,-330,-0.33,1060,,,,,0.06000000000000005,1060,,,,,,,,,,,
JiangsuSuzhou15TDRY,Jiangsu,Suzhou,江苏,苏州,15T,DRY,1,1050,,华东-孙理想,1440,1,1050,1440,,1440,1,1050,蔡焱南,-390,-0.37142857142857144,1113,,,,,0.06000000000000005,1113,,,,,,,,,,,
JiangsuSuzhou25TDRY,Jiangsu,Suzhou,江苏,苏州,25T,DRY,1,1350,,华东-孙理想,1770,1,1350,1770,,1770,1,1350,蔡焱南,-420,-0.3111111111111111,1431,,,,,0.06000000000000005,1431,150,214650,202500,,,,,,,,
JiangsuSuzhou26TDRY,Jiangsu,Suzhou,江苏,苏州,26T,DRY,1,1450,,华东-孙理想,1470,1,1470,1470,,1990,1,1450,總部產品,-20,-0.013793103448275862,1479,,,,,0.020000000000000018,1479,,,,,,,,,,,
JiangsuSuzhou3TDRY,Jiangsu,Suzhou,江苏,苏州,3T,DRY,1,550,,华东-孙理想,610,1,550,610,,610,1,550, 蔡焱南 ,-60,-0.10909090909090909,583,,,,,0.06000000000000005,583,,,,,,,,,,,
JiangsuSuzhou5TDRY,Jiangsu,Suzhou,江苏,苏州,5T,DRY,1,850,,华东-孙理想,720,1,680,720,,720,1,720,蔡焱南,130,0.15294117647058825,850,,,,,0,850,,,,,,,,,,,
JiangsuSuzhou8TDRY,Jiangsu,Suzhou,江苏,苏州,8T,DRY,1,900,,华东-孙理想,735,1,735,735,,885,1,735,蔡焱南,165,0.18333333333333332,900,,,,,0,900,,,,,,,,,,,
JiangsuSuzhou40'HQDRY - SOC,Jiangsu,Suzhou,江苏,苏州,40'HQ,DRY - SOC,1,1450,,华东-孙理想,1470,1,1470,1470,,1770,1,1450,總部產品,-20,-0.013793103448275862,1479,,,,,0.020000000000000018,1479,,,,,,,,,,,
JiangsuYangzhou12TDRY,Jiangsu,Yangzhou,江苏,扬州,12T,DRY,1,2150,,华东-孙理想,2205,1,2150,2205,,2205,1,2150, 蔡焱南 ,-55,-0.02558139534883721,2193,,,,,0.020000000000000018,2193,,,,,,,,,,,
JiangsuYangzhou5TDRY,Jiangsu,Yangzhou,江苏,扬州,5T,DRY,1,1850,,华东-孙理想,1880,1,1850,1880,,1880,1,1850, 蔡焱南 ,-30,-0.016216216216216217,1887,,,,,0.020000000000000018,1887,,,,,,,,,,,
JiangsuYangzhou8TDRY,Jiangsu,Yangzhou,江苏,扬州,8T,DRY,1,1950,,华东-孙理想,1990,1,1950,1990,,1990,1,1950, 蔡焱南 ,-40,-0.020512820512820513,1989,,,,,0.020000000000000018,1989,,,,,,,,,,,
JiangxiGanzhou10TDRY,Jiangxi,Ganzhou,江西,赣州,10T,DRY,,3950,,华中-王莲花,3570,2,3570,3570,,3750,2,3570,蔡焱南,380,0.09620253164556962,3950,,,,,0,3950,,,,,,,,,,,
JiangxiGanzhou12TDRY,Jiangxi,Ganzhou,江西,赣州,12T,DRY,,4200,,华中-王莲花,3675,2,3675,3675,,3860,2,3675,蔡焱南,525,0.125,4200,,,,,0,4200,,,,,,,,,,,
JiangxiGanzhou15TDRY,Jiangxi,Ganzhou,江西,赣州,15T,DRY,,4400,,华中-王莲花,4095,2,4095,4095,,4305,2,4095,蔡焱南,305,0.06931818181818182,4400,,,,,0,4400,14,61600,61600,,,,,,,,
JiangxiGanzhou25TDRY,Jiangxi,Ganzhou,江西,赣州,25T,DRY,,6750,,华中-王莲花,5295,2,5062.5,5295,,5295,2,5295,蔡焱南,1455,0.21555555555555556,6750,,,,,0,6750,,,,,,,,,,,
JiangxiGanzhou26TDRY,Jiangxi,Ganzhou,江西,赣州,26T,DRY,,7000,,华中-王莲花,5515,2,5250,5515,,5515,2,5515,蔡焱南,1485,0.21214285714285713,7000,,,,,0,7000,,,,,,,,,,,
JiangxiGanzhou3TDRY,Jiangxi,Ganzhou,江西,赣州,3T,DRY,,3100,,华中-王莲花,2430,2,2325,2430,,2430,2,2430,蔡焱南,670,0.2161290322580645,3100,,,,,0,3100,,,,,,,,,,,
JiangxiGanzhou8TDRY,Jiangxi,Ganzhou,江西,赣州,8T,DRY,,3500,,华中-王莲花,3750,2,3000,3750,,3750,2,3500,總部產品,-250,-0.07142857142857142,3710,,,,,0.06000000000000005,3710,,,,,,,,,,,
JiangxiGanzhou40'HQDRY - SOC,Jiangxi,Ganzhou,江西,赣州,40'HQ,DRY - SOC,,7200,,华中-王莲花,5295,2,5040,5295,,5295,2,5295,蔡焱南,1905,0.26458333333333334,7200,,,,,0,7200,3,21600,21600,,,,,,,,
JiangxiNanchangREF_12TREEFER,Jiangxi,Nanchang,江西,南昌,REF_12T,REEFER,,,,华中-王莲花,,2,0,0,,4085,2,4085,王峰,,,,,,,,,,,,,,,,,,,,
ShandongQingdao10TDRY,Shandong,Qingdao,山东,青岛,10T,DRY,1,3900,,京津-張學煜,3150,2,3150,3150,,3535,2,3150,蔡焱南,750,0.19230769230769232,3900,,,,,0,3900,,,,,,,,,,,
ShandongQingdao12TDRY,Shandong,Qingdao,山东,青岛,12T,DRY,1,4300,,京津-張學煜,3675,2,3675,3675,,3975,2,3675,蔡焱南,625,0.14534883720930233,4300,,,,,0,4300,,,,,,,,,,,
ShandongQingdao3TDRY,Shandong,Qingdao,山东,青岛,3T,DRY,1,2100,,京津-張學煜,2100,2,2100,2100,,2100,2,2100, 蔡焱南 ,0,,2100,,,,,0,2100,,,,,,,,,,,
ShandongQingdao5TDRY,Shandong,Qingdao,山东,青岛,5T,DRY,1,3000,,京津-張學煜,2625,2,2625,2625,,2980,2,2625,蔡焱南,375,0.125,3000,,,,,0,3000,,,,,,,,,,,
ShandongQingdao8TDRY,Shandong,Qingdao,山东,青岛,8T,DRY,1,3400,,京津-張學煜,3045,2,3045,3045,,3310,2,3045,蔡焱南,355,0.10441176470588236,3400,,,,,0,3400,,,,,,,,,,,
ShandongTai'An3TDRY,Shandong,Tai'An,山东,泰安,3T,DRY,1,2300,,京津-張學煜,1995,2,1995,1995,,2100,2,1995,蔡焱南,305,0.13260869565217392,2300,,,,,0,2300,2,4600,4600,,,,,,,,
ShandongTai'An5TDRY,Shandong,Tai'An,山东,泰安,5T,DRY,1,3200,,京津-張學煜,3200,2,2208,3200,,3200,2,3200,總部產品,0,,3200,,,,,0,3200,,,,,,,,,,,
ShandongWeihai3TDRY,Shandong,Weihai,山东,威海,3T,DRY,1,2700,,京津-張學煜,2205,2,2205,2205,,2320,2,2205,蔡焱南,495,0.18333333333333332,2700,,,,,0,2700,1,2700,2700,,,,,,,,
ShandongYantai3TDRY,Shandong,Yantai,山东,烟台,3T,DRY,1,2600,,京津-張學煜,2205,2,2205,2205,,2320,2,2205,蔡焱南,395,0.1519230769230769,2600,,,,,0,2600,1,2600,2600,,,,,,,,
ShanghaiShanghai10TDRY,Shanghai,Shanghai,上海,上海,10T,DRY,1,550,,华东-孙理想,720,1,550,720,,720,1,550, 蔡焱南 ,-170,-0.3090909090909091,583,,,,,0.06000000000000005,583,,,,,,,,,,,
ShanghaiShanghai3TDRY,Shanghai,Shanghai,上海,上海,3T,DRY,1,300,,华东-孙理想,335,1,300,335,,335,1,300, 蔡焱南 ,-35,-0.11666666666666667,318,,,,,0.06000000000000005,318,,,,,,,,,,,
ShanghaiShanghai5TDRY,Shanghai,Shanghai,上海,上海,5T,DRY,1,450,,华东-孙理想,335,1,337.5,335,,335,1,335, 蔡焱南 ,115,0.25555555555555554,450,,,,,0,450,,,,,,,,,,,
ShanghaiShanghai8TDRY,Shanghai,Shanghai,上海,上海,8T,DRY,1,500,,华东-孙理想,445,1,400,445,,445,1,445,蔡焱南,55,0.11,500,,,,,0,500,8,4000,4000,,,,,,,,
ShanghaiShanghaiREF_3TREEFER,Shanghai,Shanghai,上海,上海,REF_3T,REEFER,1,,,华东-孙理想,,1,0,0,,365,1,365,王峰,,,,,,,,,,,,,,,,,,,,
ShanghaiShanghaiREF_5TREEFER,Shanghai,Shanghai,上海,上海,REF_5T,REEFER,1,,,华东-孙理想,,1,0,0,,610,1,610,王峰,,,,,,,,,,,,,,,,,,,,
ShanghaiShanghai40'GPDRY - SOC,Shanghai,Shanghai,上海,上海,40'GP,DRY - SOC,1,1000,,华东-孙理想,1105,1,1000,1105,,1105,1,1000, 蔡焱南 ,-105,-0.105,1060,,,,,0.06000000000000005,1060,,,,,,,,,,,
ShanghaiShanghai40'HQDRY - SOC,Shanghai,Shanghai,上海,上海,40'HQ,DRY - SOC,1,1000,,华东-孙理想,1220,1,1000,1220,,1220,1,1000, 蔡焱南 ,-220,-0.22,1060,,,,,0.06000000000000005,1060,,,,,,,,,,,
ShanghaiShanghai25TDRY,Shanghai,Shanghai,上海,上海,25T,DRY,1,1000,,华东-孙理想,1105,1,1000,1105,,1105,1,1000, 蔡焱南 ,-105,-0.105,1060,,,,,0.06000000000000005,1060,,,,,,,,,,,
ShanxiAnkang10TDRY,Shanxi,Ankang,山西,安康,10T,DRY,2,6600,,华东-孙理想,6065,3,5280,6065,,6065,3,6065, 蔡焱南 ,535,0.08106060606060606,6600,,,,,0,6600,,,,,,,,,,,
ShanxiAnkang15TDRY,Shanxi,Ankang,山西,安康,15T,DRY,2,7200,,华东-孙理想,7390,3,7200,7390,,7390,3,7200, 蔡焱南 ,-190,-0.02638888888888889,7344,,,,,0.020000000000000018,7344,5,36720,36000,,,,,,,,
ShanxiAnkang25TDRY,Shanxi,Ankang,山西,安康,25T,DRY,2,11000,,华东-孙理想,9925,3,8800,9925,,9925,3,9925,蔡焱南,1075,0.09772727272727273,11000,,,,,0,11000,,,,,,,,,,,
ShanxiAnkang26TDRY,Shanxi,Ankang,山西,安康,26T,DRY,2,12000,,华东-孙理想,10040,3,9600,10040,,10040,3,10040,蔡焱南,1960,0.16333333333333333,12000,,,,,0,12000,,,,,,,,,,,
ShanxiAnkang3TDRY,Shanxi,Ankang,山西,安康,3T,DRY,2,4500,,华东-孙理想,3310,3,3150,3310,,3310,3,3310,蔡焱南,1190,0.2644444444444444,4500,,,,,0,4500,,,,,,,,,,,
ShanxiAnkang5TDRY,Shanxi,Ankang,山西,安康,5T,DRY,2,6000,,华东-孙理想,5955,3,4800,5955,,5955,3,5955,蔡焱南,45,0.0075,6120,,,,,0.020000000000000018,6120,,,,,,,,,,,
ShanxiAnkang8TDRY,Shanxi,Ankang,山西,安康,8T,DRY,2,6300,,华东-孙理想,5955,3,5040,5955,,5955,3,5955,蔡焱南,345,0.05476190476190476,6426,,,,,0.020000000000000018,6426,,,,,,,,,,,
ShanxiAnkang20'GPDRY - SOC,Shanxi,Ankang,山西,安康,20'GP,DRY - SOC,2,6300,,华东-孙理想,6065,3,5040,6065,,6065,3,6065,蔡焱南,235,0.0373015873015873,6426,,,,,0.020000000000000018,6426,,,,,,,,,,,
ShanxiAnkang40'HQDRY - SOC,Shanxi,Ankang,山西,安康,40'HQ,DRY - SOC,2,10500,,华东-孙理想,9450,3,9450,9450,,10040,3,9450,蔡焱南,1050,0.1,10500,,,,,0,10500,22,231000,231000,,,,,,,,
ZhejiangHuzhou25TDRY,Zhejiang,Huzhou,浙江,湖州,25T,DRY,1,1650,,华东-孙理想,1680,1,1680,1680,,1880,1,1650,總部產品,-30,-0.01818181818181818,1683,,,,,0.020000000000000018,1683,,,,,,,,,,,
ZhejiangHuzhou26TDRY,Zhejiang,Huzhou,浙江,湖州,26T,DRY,1,1850,,华东-孙理想,1990,1,1850,1990,,1990,1,1850, 蔡焱南 ,-140,-0.07567567567567568,1961,,,,,0.06000000000000005,1961,,,,,,,,,,,
ZhejiangHuzhou3TDRY,Zhejiang,Huzhou,浙江,湖州,3T,DRY,1,770,,华东-孙理想,630,1,630,630,,720,1,630,蔡焱南,140,0.18181818181818182,770,,,,,0,770,,,,,,,,,,,
ZhejiangHuzhou5TDRY,Zhejiang,Huzhou,浙江,湖州,5T,DRY,1,1200,,华东-孙理想,1105,1,960,1105,,1105,1,1105,蔡焱南,95,0.07916666666666666,1200,,,,,0,1200,,,,,,,,,,,
ZhejiangHuzhou8TDRY,Zhejiang,Huzhou,浙江,湖州,8T,DRY,1,1250,,华东-孙理想,1155,1,1155,1155,,1220,1,1155,蔡焱南,95,0.076,1250,,,,,0,1250,,,,,,,,,,,
ZhejiangHuzhou40'HQDRY - SOC,Zhejiang,Huzhou,浙江,湖州,40'HQ,DRY - SOC,1,1950,,华东-孙理想,1785,1,1785,1785,,1880,1,1785,蔡焱南,165,0.08461538461538462,1950,,,,,0,1950,,,,,,,,,,,
ZhejiangNingbo12TDRY,Zhejiang,Ningbo,浙江,宁波,12T,DRY,1,1650,,华东-孙理想,1330,1,1320,1330,,1330,1,1330,蔡焱南,320,0.19393939393939394,1650,,,,,0,1650,,,,,,,,,,,
ZhejiangNingbo3TDRY,Zhejiang,Ningbo,浙江,宁波,3T,DRY,1,850,,华东-孙理想,390,1,382.5,390,,390,1,390,蔡焱南,460,0.5411764705882353,850,,,,,0,850,,,,,,,,,,,
ZhejiangNingbo5TDRY,Zhejiang,Ningbo,浙江,宁波,5T,DRY,1,1350,,华东-孙理想,670,1,670,670,,670,1,670,蔡焱南,680,0.5037037037037037,1350,,,,,0,1350,8,10800,10800,,,,,,,,
ZhejiangPinghu25TDRY,Zhejiang,Pinghu,浙江,平湖,25T,DRY,1,1250,,华东-孙理想,1260,1,1260,1260,,1330,1,1250,總部產品,-10,-0.008,1275,,,,,0.020000000000000018,1275,,,,,,,,,,,
ZhejiangPinghu3TDRY,Zhejiang,Pinghu,浙江,平湖,3T,DRY,1,500,,华东-孙理想,390,1,375,390,,390,1,390,蔡焱南,110,0.22,500,,,,,0,500,,,,,,,,,,,
ZhejiangPinghu5TDRY,Zhejiang,Pinghu,浙江,平湖,5T,DRY,1,750,,华东-孙理想,555,1,555,555,,555,1,555,蔡焱南,195,0.26,750,,,,,0,750,12,9000,9000,,,,,,,,
ZhejiangPinghu8TDRY,Zhejiang,Pinghu,浙江,平湖,8T,DRY,1,800,,华东-孙理想,670,1,640,670,,670,1,670,蔡焱南,130,0.1625,800,,,,,0,800,,,,,,,,,,,
AnhuiChaohu20'GPDRY - SOC,Anhui,Chaohu,安徽,巢湖,20'GP,DRY - SOC,1,2550,,华东-孙理想,2430,1,2040,2430,,2430,1,2430,蔡焱南,120,0.047058823529411764,2601,,,,,0.020000000000000018,2601,,,,,,,,,,,
AnhuiTianchang20'GPDRY - SOC,Anhui,Tianchang,安徽,天长,20'GP,DRY - SOC,1,2350,,华东-孙理想,1990,1,1880,1990,,1990,1,1990,蔡焱南,360,0.15319148936170213,2350,,,,,0,2350,,,,,,,,,,,
ShanxiAnkang12TDRY,Shanxi,Ankang,山西,安康,12T,DRY,2,6900,,华东-孙理想,5985,3,5985,5985,,6290,3,5985,蔡焱南,915,0.13260869565217392,6900,,,,,0,6900,,,,,,,,,,,
JiangsuChangzhou5TDRY,Jiangsu,Changzhou,江苏,常州,5T,DRY,1,1450,,华东-孙理想,1330,1,1160,1330,,1330,1,1330,蔡焱南,120,0.08275862068965517,1450,,,,,0,1450,,,,,,,,,,,
JiangsuChangzhou8TDRY,Jiangsu,Changzhou,江苏,常州,8T,DRY,1,1500,,华东-孙理想,1260,1,1260,1260,,1440,1,1260,蔡焱南,240,0.16,1500,,,,,0,1500,,,,,,,,,,,
JiangsuChangzhou10TDRY,Jiangsu,Changzhou,江苏,常州,10T,DRY,1,1550,,华东-孙理想,1333.5,1,1333.5,1333.5,,1545,1,1333.5,蔡焱南,216.5,0.1396774193548387,1550,,,,,0,1550,,,,,,,,,,,
JiangsuChangzhou12TDRY,Jiangsu,Changzhou,江苏,常州,12T,DRY,1,1650,,华东-孙理想,1655,1,1650,1655,,1655,1,1650,  蔡焱南  ,-5,-0.0030303030303030303,1683,,,,,0.020000000000000018,1683,,,,,,,,,,,
JiangsuChangzhou15TDRY,Jiangsu,Changzhou,江苏,常州,15T,DRY,1,1750,,华东-孙理想,1770,1,1750,1770,,1770,1,1750,  蔡焱南  ,-20,-0.011428571428571429,1785,,,,,0.020000000000000018,1785,,,,,,,,,,,
JiangsuChangzhou25TDRY,Jiangsu,Changzhou,江苏,常州,25T,DRY,1,1850,,华东-孙理想,2205,1,1850,2205,,2205,1,1850,  蔡焱南  ,-355,-0.1918918918918919,1961,,,,,0.06000000000000005,1961,,,,,,,,,,,
JiangsuChangzhou26TDRY,Jiangsu,Changzhou,江苏,常州,26T,DRY,1,1950,,华东-孙理想,2047.5,1,2047.5,2047.5,1950,2320,1,1950,總部產品,-97.5,-0.05,1989,,,,,0.020000000000000018,1989,,,,,,,,,,,
JiangsuChangzhou20'GPDRY - SOC,Jiangsu,Changzhou,江苏,常州,20'GP,DRY - SOC,1,1500,,华东-孙理想,1260,1,1260,1260,,1545,1,1260,蔡焱南,240,0.16,1500,,,,,0,1500,,,,,,,,,,,
JiangsuChangzhou40'HQDRY - SOC,Jiangsu,Changzhou,江苏,常州,40'HQ,DRY - SOC,1,2400,,华东-孙理想,2047.5,1,2047.5,2047.5,,2205,1,2047.5,蔡焱南,352.5,0.146875,2400,,,,,0,2400,,,,,,,,,,,
AnhuiChaohu25TDRY,Anhui,Chaohu,安徽,巢湖,25T,DRY,1,3950,,华东-孙理想,3860,1,3160,3860,,3860,1,3860,蔡焱南,90,0.02278481012658228,4029,,,,,0.020000000000000018,4029,,,,,,,,,,,
HunanChenzhou20'GPDRY - SOC,Hunan,Chenzhou,湖南,郴州,20'GP,DRY - SOC,,7200,,华中-王莲花,4410,3,4320,4410,,4410,3,4410,蔡焱南,2790,0.3875,7200,,,,,0,7200,,,,,,,,,,,
HunanChenzhou3TDRY,Hunan,Chenzhou,湖南,郴州,3T,DRY,,3300,,华中-王莲花,2760,3,2640,2760,,2760,3,2760,蔡焱南,540,0.16363636363636364,3300,,,,,0,3300,,,,,,,,,,,
HunanChenzhou5TDRY,Hunan,Chenzhou,湖南,郴州,5T,DRY,,3520,,华中-王莲花,3150,3,3150,3150,,3310,3,3150,蔡焱南,370,0.10511363636363637,3520,,,,,0,3520,,,,,,,,,,,
HunanChenzhou25TDRY,Hunan,Chenzhou,湖南,郴州,25T,DRY,,7150,,华中-王莲花,5880,3,5880,5880,,6180,3,5880,蔡焱南,1270,0.17762237762237762,7150,,,,,0,7150,,,,,,,,,,,
GuangdongDongguan20'GPDRY - SOC,Guangdong,Dongguan,广东,东莞,20'GP,DRY - SOC,,5100,DRY - SOC（8T车代替）,华南 - 许建生,4965,3,4080,4965,,4965,3,4965,蔡焱南,135,0.026470588235294117,5202,,,,,0.020000000000000018,5202,,,,,,,,,,,
GuangdongFoshan8TDRY,Guangdong,Foshan,广东,佛山,8T,DRY,,4900,,华南 - 许建生,4085,3,3920,4085,,4085,3,4085,蔡焱南,815,0.1663265306122449,4900,,,,,0,4900,,,,,,,,,,,
GuangdongFoshan10TDRY,Guangdong,Foshan,广东,佛山,10T,DRY,,5300,,华南 - 许建生,4965,3,4240,4965,,4965,3,4965,蔡焱南,335,0.06320754716981132,5406,,,,,0.020000000000000018,5406,,,,,,,,,,,
GuangdongFoshan12TDRY,Guangdong,Foshan,广东,佛山,12T,DRY,,5400,,华南 - 许建生,5080,3,4320,5080,,5080,3,5080,蔡焱南,320,0.05925925925925926,5508,,,,,0.020000000000000018,5508,,,,,,,,,,,
GuangdongFoshan15TDRY,Guangdong,Foshan,广东,佛山,15T,DRY,,5500,,华南 - 许建生,5295,3,4400,5295,,5295,3,5295,蔡焱南,205,0.03727272727272727,5610,,,,,0.020000000000000018,5610,,,,,,,,,,,
GuangdongFoshan25TDRY,Guangdong,Foshan,广东,佛山,25T,DRY,,7700,,华南 - 许建生,6615,3,6160,6615,,6615,3,6615,蔡焱南,1085,0.1409090909090909,7700,,,,,0,7700,,,,,,,,,,,
GuangdongFoshan26TDRY,Guangdong,Foshan,广东,佛山,26T,DRY,,7800,,华南 - 许建生,6615,3,6240,6615,,6615,3,6615,蔡焱南,1185,0.1519230769230769,7800,,,,,0,7800,,,,,,,,,,,
GuangdongFoshan20'GPDRY - SOC,Guangdong,Foshan,广东,佛山,20'GP,DRY - SOC,,4900,DRY - SOC（8T车代替）,华南 - 许建生,4965,3,3920,4965,,4965,3,4900,總部產品,-65,-0.013265306122448979,4998,,,,,0.020000000000000018,4998,,,,,,,,,,,
GuangdongFoshan40'HQDRY - SOC,Guangdong,Foshan,广东,佛山,40'HQ,DRY - SOC,,6600,DRY - SOC（自备柜）,华南 - 许建生,6615,3,6600,6615,,6615,3,6600,總部產品,-15,-0.0022727272727272726,6732,,,,,0.020000000000000018,6732,,,,,,,,,,,
JiangxiGanzhou20'GPDRY - SOC,Jiangxi,Ganzhou,江西,赣州,20'GP,DRY - SOC,,6750,,华中-王莲花,3750,2,3375,3750,,3750,2,3750,蔡焱南,3000,0.4444444444444444,6750,,,,,0,6750,,,,,,,,,,,
JiangxiGanzhou5TDRY,Jiangxi,Ganzhou,江西,赣州,5T,DRY,,3500,,华中-王莲花,2835,2,2835,2835,,3090,2,2835,蔡焱南,665,0.19,3500,,,,,0,3500,,,,,,,,,,,
GuangxiHechi3TDRY,Guangxi,Hechi,广西,河池,3T,DRY,,5000,,华南 - 许建生,3975,4,3750,3975,,3975,4,3975,蔡焱南,1025,0.205,5000,,,,,0,5000,,,,,,,,,,,
GuangxiHechi8TDRY,Guangxi,Hechi,广西,河池,8T,DRY,,7100,,华南 - 许建生,5295,4,5295,5295,,5295,4,5295,蔡焱南,1805,0.25422535211267605,7100,,,,,0,7100,2,14200,14200,,,,,,,,
GuangxiHechi10TDRY,Guangxi,Hechi,广西,河池,10T,DRY,,7300,,华南 - 许建生,5955,4,5840,5955,,5955,4,5955,蔡焱南,1345,0.18424657534246575,7300,,,,,0,7300,,,,,,,,,,,
GuangxiHechi12TDRY,Guangxi,Hechi,广西,河池,12T,DRY,,7400,,华南 - 许建生,6180,4,5920,6180,,6180,4,6180,蔡焱南,1220,0.16486486486486487,7400,,,,,0,7400,,,,,,,,,,,
GuangxiHechi15TDRY,Guangxi,Hechi,广西,河池,15T,DRY,,7500,,华南 - 许建生,7060,4,6000,7060,,7060,4,7060,蔡焱南,440,0.058666666666666666,7650,,,,,0.020000000000000018,7650,,,,,,,,,,,
GuangxiHechi25TDRY,Guangxi,Hechi,广西,河池,25T,DRY,,10000,,华南 - 许建生,8820,4,8000,8820,,8820,4,8820,蔡焱南,1180,0.118,10000,,,,,0,10000,,,,,,,,,,,
GuangxiHechi20'GPDRY - SOC,Guangxi,Hechi,广西,河池,20'GP,DRY - SOC,,7100,DRY - SOC（8T车代替）,华南 - 许建生,5955,4,5325,5955,,5955,4,5955,蔡焱南,1145,0.16126760563380282,7100,,,,,0,7100,,,,,,,,,,,
GuangxiHechi40'HQDRY - SOC,Guangxi,Hechi,广西,河池,40'HQ,DRY - SOC,,9400,DRY - SOC（自备柜）,华南 - 许建生,8820,4,7520,8820,,8820,4,8820,蔡焱南,580,0.06170212765957447,9588,,,,,0.020000000000000018,9588,,,,,,,,,,,
HebeiHejian3TDRY,Hebei,Hejian,河北,河间,3T,DRY,1,3450,,京津-張學煜,2980,2,2760,2980,,2980,2,2980,蔡焱南,470,0.13623188405797101,3450,,,,,0,3450,,,,,,,,,,,
HebeiHejian5TDRY,Hebei,Hejian,河北,河间,5T,DRY,1,5800,,京津-張學煜,3975,2,3886,3975,,3975,2,3975,蔡焱南,1825,0.3146551724137931,5800,,,,,0,5800,,,,,,,,,,,
HebeiHejian8TDRY,Hebei,Hejian,河北,河间,8T,DRY,1,6200,,京津-張學煜,4410,2,4410,4410,,4635,2,4410,蔡焱南,1790,0.2887096774193548,6200,,,,,0,6200,,,,,,,,,,,
HebeiHejian10TDRY,Hebei,Hejian,河北,河间,10T,DRY,1,6800,,京津-張學煜,5080,2,5080,5080,,5080,2,5080,蔡焱南,1720,0.2529411764705882,6800,,,,,0,6800,,,,,,,,,,,
HebeiHejian12TDRY,Hebei,Hejian,河北,河间,12T,DRY,1,7000,,京津-張學煜,5515,2,5250,5515,,5515,2,5515,蔡焱南,1485,0.21214285714285713,7000,,,,,0,7000,,,,,,,,,,,
HebeiHejian20'GPDRY - SOC,Hebei,Hejian,河北,河间,20'GP,DRY - SOC,1,8700,,京津-張學煜,4410,2,4410,4410,,5080,2,4410,蔡焱南,4290,0.49310344827586206,8700,,,,,0,8700,,,,,,,,,,,
HebeiHejian25TDRY,Hebei,Hejian,河北,河间,25T,DRY,1,8500,,京津-張學煜,7035,2,7035,7035,,7390,2,7035,蔡焱南,1465,0.1723529411764706,8500,,,,,0,8500,,,,,,,,,,,
HebeiHejian26TDRY,Hebei,Hejian,河北,河间,26T,DRY,1,9000,,京津-張學煜,7350,2,7350,7350,,7720,2,7350,蔡焱南,1650,0.18333333333333332,9000,,,,,0,9000,,,,,,,,,,,
GuangdongHeyuan5TDRY,Guangdong,Heyuan,广东,河源,5T,DRY,,4700,,华南 - 许建生,3310,3,3290,3310,,3310,3,3310,蔡焱南,1390,0.2957446808510638,4700,,,,,0,4700,,,,,,,,,,,
GuangdongHeyuan8TDRY,Guangdong,Heyuan,广东,河源,8T,DRY,,4800,,华南 - 许建生,3425,3,3360,3425,,3425,3,3425,蔡焱南,1375,0.2864583333333333,4800,,,,,0,4800,,,,,,,,,,,
GuangdongHeyuan12TDRY,Guangdong,Heyuan,广东,河源,12T,DRY,,5000,,华南 - 许建生,4400,3,4000,4400,,4400,3,4400,蔡焱南,600,0.12,5000,,,,,0,5000,,,,,,,,,,,
GuangdongHeyuan15TDRY,Guangdong,Heyuan,广东,河源,15T,DRY,,5100,,华南 - 许建生,4410,3,4080,4410,,4410,3,4410,蔡焱南,690,0.13529411764705881,5100,,,,,0,5100,,,,,,,,,,,
GuangdongHeyuan25TDRY,Guangdong,Heyuan,广东,河源,25T,DRY,,7400,,华南 - 许建生,6065,3,5920,6065,,6065,3,6065,蔡焱南,1335,0.1804054054054054,7400,,,,,0,7400,,,,,,,,,,,
GuangdongHeyuan20'GPDRY - SOC,Guangdong,Heyuan,广东,河源,20'GP,DRY - SOC,,5100,DRY - SOC（8T车代替）,华南 - 许建生,4195,3,3360,4195,,4195,3,4195,蔡焱南,905,0.17745098039215687,5100,,,,,0,5100,,,,,,,,,,,
GuangdongHeyuan40’HQDRY - SOC,Guangdong,Heyuan,广东,河源,40’HQ,DRY - SOC,,6900,DRY - SOC（自备柜）,华南 - 许建生,6065,3,5520,6065,,6065,3,6065,蔡焱南,835,0.12101449275362319,6900,,,,,0,6900,,,,,,,,,,,
GuangdongHuizhou10TDRY,Guangdong,Huizhou,广东,惠州,10T,DRY,,5300,,华南 - 许建生,4410,3,4240,4410,,4410,3,4410,蔡焱南,890,0.16792452830188678,5300,,,,,0,5300,,,,,,,,,,,
GuangdongHuizhou20'GPDRY - SOC,Guangdong,Huizhou,广东,惠州,20'GP,DRY - SOC,,5100,DRY - SOC（8T车代替）,华南 - 许建生,4410,3,4080,4410,,4410,3,4410,蔡焱南,690,0.13529411764705881,5100,,,,,0,5100,,,,,,,,,,,
GuangdongHuizhou25TDRY,Guangdong,Huizhou,广东,惠州,25T,DRY,,7700,,华南 - 许建生,6065,3,5775,6065,,6065,3,6065,蔡焱南,1635,0.21233766233766233,7700,,,,,0,7700,,,,,,,,,,,
ZhejiangHuzhou20'GPDRY - SOC,Zhejiang,Huzhou,浙江,湖州,20'GP,DRY - SOC,1,1250,,华东-孙理想,1330,1,1250,1330,,1330,1,1250,總部產品,-80,-0.064,1275,,,,,0.020000000000000018,1275,,,,,,,,,,,
ZhejiangHuzhou10TDRY,Zhejiang,Huzhou,浙江,湖州,10T,DRY,1,1300,,华东-孙理想,1330,1,1300,1330,,1330,1,1300,總部產品,-30,-0.023076923076923078,1326,,,,,0.020000000000000018,1326,,,,,,,,,,,
ZhejiangHuzhou12TDRY,Zhejiang,Huzhou,浙江,湖州,12T,DRY,1,1350,,华东-孙理想,1440,1,1350,1440,,1440,1,1350,總部產品,-90,-0.06666666666666667,1431,,,,,0.06000000000000005,1431,11,15741,14850,,,,,,,,
ZhejiangHuzhou15TDRY,Zhejiang,Huzhou,浙江,湖州,15T,DRY,1,1450,,华东-孙理想,1470,1,1470,1470,,1655,1,1450,總部產品,-20,-0.013793103448275862,1479,,,,,0.020000000000000018,1479,4,5916,5800,,,,,,,,
GuangdongJiangmen5TDRY,Guangdong,Jiangmen,广东,江门,5T,DRY,,5200,,华南 - 许建生,4025,3,3900,4025,,4025,3,4025,蔡焱南,1175,0.22596153846153846,5200,,,,,0,5200,,,,,,,,,,,
GuangdongJiangmen8TDRY,Guangdong,Jiangmen,广东,江门,8T,DRY,,5300,,华南 - 许建生,4085,3,3975,4085,,4085,3,4085,蔡焱南,1215,0.22924528301886793,5300,,,,,0,5300,,,,,,,,,,,
GuangdongJiangmen10TDRY,Guangdong,Jiangmen,广东,江门,10T,DRY,,5600,,华南 - 许建生,4965,3,4480,4965,,4965,3,4965,蔡焱南,635,0.11339285714285714,5600,,,,,0,5600,,,,,,,,,,,
GuangdongJiangmen12TDRY,Guangdong,Jiangmen,广东,江门,12T,DRY,,5700,,华南 - 许建生,5080,3,4560,5080,,5080,3,5080,蔡焱南,620,0.10877192982456141,5700,,,,,0,5700,,,,,,,,,,,
GuangdongJiangmen15TDRY,Guangdong,Jiangmen,广东,江门,15T,DRY,,5800,,华南 - 许建生,5080,3,4640,5080,,5080,3,5080,蔡焱南,720,0.12413793103448276,5800,,,,,0,5800,,,,,,,,,,,
GuangdongJiangmen25TDRY,Guangdong,Jiangmen,广东,江门,25T,DRY,,8200,,华南 - 许建生,6840,3,6560,6840,,6840,3,6840,蔡焱南,1360,0.16585365853658537,8200,,,,,0,8200,,,,,,,,,,,
GuangdongJiangmen26TDRY,Guangdong,Jiangmen,广东,江门,26T,DRY,,8300,,华南 - 许建生,6840,3,6640,6840,,6840,3,6840,蔡焱南,1460,0.17590361445783131,8300,,,,,0,8300,,,,,,,,,,,
GuangdongJiangmen20'GPDRY - SOC,Guangdong,Jiangmen,广东,江门,20'GP,DRY - SOC,,5300,DRY - SOC（8T车代替）,华南 - 许建生,4965,3,3975,4965,,4965,3,4965,蔡焱南,335,0.06320754716981132,5406,,,,,0.020000000000000018,5406,,,,,,,,,,,
GuangdongJiangmen40’HQDRY - SOC,Guangdong,Jiangmen,广东,江门,40’HQ,DRY - SOC,,7400,DRY - SOC（自备柜）,华南 - 许建生,6950,3,5920,6950,,6950,3,6950,蔡焱南,450,0.060810810810810814,7548,,,,,0.020000000000000018,7548,,,,,,,,,,,
JiangsuLianyungang3TDRY,Jiangsu,Lianyungang,江苏,连云港,3T,DRY,1,1750,,华东-孙理想,1260,1,1312.5,1260,995,995,1,995,王峰,490,0.28,1750,,,,,0,1750,,,,,,,,,,,
JiangsuLianyungang12TDRY,Jiangsu,Lianyungang,江苏,连云港,12T,DRY,1,3300,,华东-孙理想,2625,1,2835,2625,1770,1770,1,1770,王峰,675,0.20454545454545456,3300,,,,,0,3300,,,,,,,,,,,
JiangsuLianyungang15TDRY,Jiangsu,Lianyungang,江苏,连云港,15T,DRY,1,3450,,华东-孙理想,3045,1,1725,3045,,1770,1,1770,王峰,405,0.11739130434782609,3450,,,,,0,3450,,,,,,,,,,,
JiangsuLianyungang26TDRY,Jiangsu,Lianyungang,江苏,连云港,26T,DRY,1,4650,,华东-孙理想,3885,1,2320,3885,,2320,1,2320,王峰,765,0.16451612903225807,4650,,,,,0,4650,,,,,,,,,,,
JiangsuLianyungang20'GPDRY - SOC,Jiangsu,Lianyungang,江苏,连云港,20'GP,DRY - SOC,1,3000,,华东-孙理想,2310,1,1500,2310,,1545,1,1545,王峰,690,0.23,3000,,,,,0,3000,,,,,,,,,,,
JiangsuLianyungang40‘HQDRY - SOC,Jiangsu,Lianyungang,江苏,连云港,40‘HQ,DRY - SOC,1,4500,,华东-孙理想,3885,1,2205,3885,,2205,1,2205,王峰,615,0.13666666666666666,4500,,,,,0,4500,,,,,,,,,,,
JiangxiNanchang3TDRY,Jiangxi,Nanchang,江西,南昌,3T,DRY,,2400,,华中-王莲花,1770,2,1770,1770,,1770,2,1770,蔡焱南,630,0.2625,2400,,,,,0,2400,,,,,,,,,,,
JiangxiNanchang5TDRY,Jiangxi,Nanchang,江西,南昌,5T,DRY,,3300,,华中-王莲花,2540,2,2475,2540,,2540,2,2540,蔡焱南,760,0.23030303030303031,3300,,,,,0,3300,,,,,,,,,,,
JiangxiNanchang8TDRY,Jiangxi,Nanchang,江西,南昌,8T,DRY,,3600,,华中-王莲花,2760,2,2700,2760,,2760,2,2760,蔡焱南,840,0.23333333333333334,3600,,,,,0,3600,,,,,,,,,,,
JiangxiNanchang10TDRY,Jiangxi,Nanchang,江西,南昌,10T,DRY,,3800,,华中-王莲花,2940,2,2940,2940,,3035,2,2940,蔡焱南,860,0.22631578947368422,3800,,,,,0,3800,,,,,,,,,,,
JiangxiNanchang12TDRY,Jiangxi,Nanchang,江西,南昌,12T,DRY,,4300,,华中-王莲花,3310,2,3225,3310,,3310,2,3310,蔡焱南,990,0.2302325581395349,4300,,,,,0,4300,,,,,,,,,,,
JiangxiNanchang15TDRY,Jiangxi,Nanchang,江西,南昌,15T,DRY,,4700,,华中-王莲花,3535,2,3525,3535,,3535,2,3535,蔡焱南,1165,0.2478723404255319,4700,,,,,0,4700,,,,,,,,,,,
JiangxiNanchang25TDRY,Jiangxi,Nanchang,江西,南昌,25T,DRY,,6700,,华中-王莲花,4910,2,4690,4910,,4910,2,4910,蔡焱南,1790,0.2671641791044776,6700,,,,,0,6700,,,,,,,,,,,
JiangxiNanchang26TDRY,Jiangxi,Nanchang,江西,南昌,26T,DRY,,6700,,华中-王莲花,4965,2,4690,4965,,4965,2,4965,蔡焱南,1735,0.258955223880597,6700,,,,,0,6700,,,,,,,,,,,
JiangxiNanchang20'GPDRY - SOC,Jiangxi,Nanchang,江西,南昌,20'GP,DRY - SOC,,5800,,华中-王莲花,2940,2,2940,2940,,3035,2,2940,蔡焱南,2860,0.49310344827586206,5800,,,,,0,5800,,,,,,,,,,,
JiangxiNanchang40’HQDRY - SOC,Jiangxi,Nanchang,江西,南昌,40’HQ,DRY - SOC,,6200,,华中-王莲花,4910,2,4650,4910,,4910,2,4910,蔡焱南,1290,0.20806451612903226,6200,,,,,0,6200,,,,,,,,,,,
ZhejiangNingbo8TDRY,Zhejiang,Ningbo,浙江,宁波,8T,DRY,1,1450,,华东-孙理想,1105,1,1087.5,1105,,1105,1,1105,蔡焱南,345,0.23793103448275862,1450,,,,,0,1450,,,,,,,,,,,
ZhejiangNingbo10TDRY,Zhejiang,Ningbo,浙江,宁波,10T,DRY,1,1550,,华东-孙理想,1220,1,1162.5,1220,,1220,1,1220,蔡焱南,330,0.2129032258064516,1550,,,,,0,1550,,,,,,,,,,,
ZhejiangNingbo15TDRY,Zhejiang,Ningbo,浙江,宁波,15T,DRY,1,1750,,华东-孙理想,1440,1,1400,1440,,1440,1,1440,蔡焱南,310,0.17714285714285713,1750,,,,,0,1750,,,,,,,,,,,
ZhejiangNingbo25TDRY,Zhejiang,Ningbo,浙江,宁波,25T,DRY,1,1950,,华东-孙理想,1680,1,1680,1680,,1770,1,1680,蔡焱南,270,0.13846153846153847,1950,,,,,0,1950,,,,,,,,,,,
ZhejiangNingbo26TDRY,Zhejiang,Ningbo,浙江,宁波,26T,DRY,1,2050,,华东-孙理想,1785,1,1785,1785,,1770,1,1770,王峰,265,0.12926829268292683,2050,,,,,0,2050,,,,,,,,,,,
ZhejiangNingbo20'GPDRY - SOC,Zhejiang,Ningbo,浙江,宁波,20'GP,DRY - SOC,1,1450,,华东-孙理想,1330,1,1087.5,1330,,1330,1,1330,蔡焱南,120,0.08275862068965517,1450,,,,,0,1450,,,,,,,,,,,
ZhejiangNingbo40'HQDRY - SOC,Zhejiang,Ningbo,浙江,宁波,40'HQ,DRY - SOC,1,2200,,华东-孙理想,1655,1,1650,1655,,1655,1,1655,蔡焱南,545,0.24772727272727274,2200,,,,,0,2200,,,,,,,,,,,
ZhejiangPinghu10TDRY,Zhejiang,Pinghu,浙江,平湖,10T,DRY,1,850,,华东-孙理想,735,1,735,735,,830,1,735,蔡焱南,115,0.13529411764705881,850,,,,,0,850,,,,,,,,,,,
ZhejiangPinghu12TDRY,Zhejiang,Pinghu,浙江,平湖,12T,DRY,1,900,,华东-孙理想,945,1,900,945,,945,1,900,總部產品,-45,-0.05,918,,,,,0.020000000000000018,918,,,,,,,,,,,
ZhejiangPinghu15TDRY,Zhejiang,Pinghu,浙江,平湖,15T,DRY,1,950,,华东-孙理想,1010,1,1008,1010,,1105,1,950,總部產品,-60,-0.06315789473684211,969,,,,,0.020000000000000018,969,,,,,,,,,,,
ZhejiangPinghu26TDRY,Zhejiang,Pinghu,浙江,平湖,26T,DRY,1,1350,,华东-孙理想,1440,1,1350,1440,,1440,1,1350,總部產品,-90,-0.06666666666666667,1431,,,,,0.06000000000000005,1431,,,,,,,,,,,
ZhejiangPinghu20'GPDRY - SOC,Zhejiang,Pinghu,浙江,平湖,20'GP,DRY - SOC,1,800,,华东-孙理想,1105,1,800,1105,,1105,1,800,總部產品,-305,-0.38125,848,,,,,0.06000000000000005,848,,,,,,,,,,,
ZhejiangPinghu40'HQDRY - SOC,Zhejiang,Pinghu,浙江,平湖,40'HQ,DRY - SOC,1,1350,,华东-孙理想,1440,1,1350,1440,,1440,1,1350,蔡焱南,-90,-0.06666666666666667,1431,,,,,0.06000000000000005,1431,,,,,,,,,,,
GuangxiPubei20'GPDRY - SOC,Guangxi,Pubei,广西,浦北县,20'GP,DRY - SOC,,7100,DRY - SOC（8T车代替）,华南 - 许建生,5955,4,4615,5955,,5955,4,5955,蔡焱南,1145,0.16126760563380282,7100,,,,,0,7100,,,,,,,,,,,
GuangxiPubei3TDRY,Guangxi,Pubei,广西,浦北县,3T,DRY,,5000,,华南 - 许建生,3860,4,3750,3860,,3860,4,3860,蔡焱南,1140,0.228,5000,,,,,0,5000,,,,,,,,,,,
GuangxiPubei5TDRY,Guangxi,Pubei,广西,浦北县,5T,DRY,,7000,,华南 - 许建生,4410,4,4200,4410,,4410,4,4410,蔡焱南,2590,0.37,7000,,,,,0,7000,,,,,,,,,,,
GuangxiPubei8TDRY,Guangxi,Pubei,广西,浦北县,8T,DRY,,7100,,华南 - 许建生,4745,4,4615,4745,,4745,4,4745,蔡焱南,2355,0.3316901408450704,7100,,,,,0,7100,,,,,,,,,,,
GuangxiPubei25TDRY,Guangxi,Pubei,广西,浦北县,25T,DRY,,10000,,华南 - 许建生,8820,4,8000,8820,,8820,4,8820,蔡焱南,1180,0.118,10000,,,,,0,10000,2,20000,20000,,,,,,,,
ShandongQingdao15TDRY,Shandong,Qingdao,山东,青岛,15T,DRY,1,4600,,京津-張學煜,4095,2,4095,4095,,4525,2,4095,蔡焱南,505,0.10978260869565218,4600,,,,,0,4600,,,,,,,,,,,
ShandongQingdao25TDRY,Shandong,Qingdao,山东,青岛,25T,DRY,1,5400,,京津-張學煜,5740,2,5400,5740,,5740,2,5400,蔡焱南,-340,-0.06296296296296296,5508,,,,,0.020000000000000018,5508,,,,,,,,,,,
ShandongQingdao26TDRY,Shandong,Qingdao,山东,青岛,26T,DRY,1,5400,,京津-張學煜,6065,2,5400,6065,,6065,2,5400,蔡焱南,-665,-0.12314814814814815,5724,,,,,0.06000000000000005,5724,,,,,,,,,,,
ShandongQingdao20'GPDRY - SOC,Shandong,Qingdao,山东,青岛,20'GP,DRY - SOC,1,5700,,京津-張學煜,3535,2,3420,3535,,3535,2,3535,蔡焱南,2165,0.3798245614035088,5700,,,,,0,5700,,,,,,,,,,,
ShandongQingdao40'HQDRY - SOC,Shandong,Qingdao,山东,青岛,40'HQ,DRY - SOC,1,5800,,京津-張學煜,5145,2,5145,5145,,5740,2,5145,蔡焱南,655,0.11293103448275862,5800,,,,,0,5800,,,,,,,,,,,
GuangxiQinzhou20'GPDRY - SOC,Guangxi,Qinzhou,广西,钦州,20'GP,DRY - SOC,,7100,DRY - SOC（8T车代替）,华南 - 许建生,6290,4,5680,6290,,6290,4,6290,蔡焱南,810,0.11408450704225352,7100,,,,,0,7100,,,,,,,,,,,
GuangxiQinzhou3TDRY,Guangxi,Qinzhou,广西,钦州,3T,DRY,,5000,,华南 - 许建生,4085,4,4000,4085,,4085,4,4085,蔡焱南,915,0.183,5000,,,,,0,5000,,,,,,,,,,,
GuangxiQinzhou25TDRY,Guangxi,Qinzhou,广西,钦州,25T,DRY,,10000,,华南 - 许建生,8820,4,8000,8820,,8820,4,8820,蔡焱南,1180,0.118,10000,,,,,0,10000,,,,,,,,,,,
FujianQuanzhou20'GPDRY - SOC,Fujian,Quanzhou,福建,泉州,20'GP,DRY - SOC,,4000,DRY - SOC（8T车代替）,华南 - 许建生,3535,2,3200,3535,,3535,2,3535,蔡焱南,465,0.11625,4000,,,,,0,4000,,,,,,,,,,,
FujianQuanzhou3TDRY,Fujian,Quanzhou,福建,泉州,3T,DRY,,2950,,华南 - 许建生,2205,2,2205,2205,,2205,2,2205,蔡焱南,745,0.25254237288135595,2950,,,,,0,2950,,,,,,,,,,,
FujianQuanzhou12TDRY,Fujian,Quanzhou,福建,泉州,12T,DRY,,4600,,华南 - 许建生,3860,2,3680,3860,,3860,2,3860,蔡焱南,740,0.1608695652173913,4600,,,,,0,4600,,,,,,,,,,,
ShanghaiShanghai20'GPDRY - SOC,Shanghai,Shanghai,上海,上海,20'GP,DRY - SOC,1,500,,华东-孙理想,720,1,500,720,,720,1,500,蔡焱南,-220,-0.44,530,,,,,0.06000000000000005,530,,,,,,,,,,,
ShanghaiShanghai12TDRY,Shanghai,Shanghai,上海,上海,12T,DRY,1,600,,华东-孙理想,830,1,600,830,,830,1,600,蔡焱南,-230,-0.38333333333333336,636,,,,,0.06000000000000005,636,,,,,,,,,,,
ShanghaiShanghai15TDRY,Shanghai,Shanghai,上海,上海,15T,DRY,1,650,,华东-孙理想,885,1,650,885,,885,1,650,蔡焱南,-235,-0.36153846153846153,689,,,,,0.06000000000000005,689,,,,,,,,,,,
ShanghaiShanghai26TDRY,Shanghai,Shanghai,上海,上海,26T,DRY,1,1100,,华东-孙理想,1220,1,1100,1220,,1220,1,1100,蔡焱南,-120,-0.10909090909090909,1166,,,,,0.06000000000000005,1166,,,,,,,,,,,
GuangdongShantou8TDRY,Guangdong,Shantou,广东,汕头,8T,DRY,,4300,,华南 - 许建生,3535,3,3440,3535,,3535,3,3535,蔡焱南,765,0.17790697674418604,4300,,,,,0,4300,,,,,,,,,,,
GuangdongShantou12TDRY,Guangdong,Shantou,广东,汕头,12T,DRY,,4500,,华南 - 许建生,4410,3,3600,4410,,4410,3,4410,蔡焱南,90,0.02,4590,,,,,0.020000000000000018,4590,,,,,,,,,,,
GuangdongShantou15TDRY,Guangdong,Shantou,广东,汕头,15T,DRY,,4600,,华南 - 许建生,4525,3,3680,4525,,4525,3,4525,蔡焱南,75,0.016304347826086956,4692,,,,,0.020000000000000018,4692,,,,,,,,,,,
GuangdongShantou20'GPDRY - SOC,Guangdong,Shantou,广东,汕头,20'GP,DRY - SOC,,4300,DRY - SOC（8T车代替）,华南 - 许建生,4250,3,3440,4250,,4250,3,4250,蔡焱南,50,0.011627906976744186,4386,,,,,0.020000000000000018,4386,,,,,,,,,,,
GuangdongShantou25TDRY,Guangdong,Shantou,广东,汕头,25T,DRY,,7300,,华南 - 许建生,5740,3,5475,5740,,5740,3,5740,蔡焱南,1560,0.2136986301369863,7300,,,,,0,7300,,,,,,,,,,,
GuangdongShantou26TDRY,Guangdong,Shantou,广东,汕头,26T,DRY,,7400,,华南 - 许建生,5740,3,5550,5740,,5740,3,5740,蔡焱南,1660,0.22432432432432434,7400,,,,,0,7400,,,,,,,,,,,
GuangdongShenzhen20'GPDRY - SOC,Guangdong,Shenzhen,广东,深圳,20'GP,DRY - SOC,,5100,DRY - SOC（8T车代替）,华南 - 许建生,4635,3,4080,4635,,4635,3,4635,蔡焱南,465,0.09117647058823529,5100,,,,,0,5100,,,,,,,,,,,
FujianShishi10TDRY,Fujian,Shishi,福建,石狮,10T,DRY,,4500,,华南 - 许建生,3585,2,3375,3585,,3585,2,3585,蔡焱南,915,0.20333333333333334,4500,,,,,0,4500,,,,,,,,,,,
FujianShishi12TDRY,Fujian,Shishi,福建,石狮,12T,DRY,,4600,,华南 - 许建生,3585,2,3450,3585,,3585,2,3585,蔡焱南,1015,0.22065217391304348,4600,,,,,0,4600,,,,,,,,,,,
FujianShishi15TDRY,Fujian,Shishi,福建,石狮,15T,DRY,,4700,,华南 - 许建生,3860,2,3760,3860,,3860,2,3860,蔡焱南,840,0.17872340425531916,4700,,,,,0,4700,,,,,,,,,,,
FujianShishi25TDRY,Fujian,Shishi,福建,石狮,25T,DRY,,6800,,华南 - 许建生,5080,2,5080,5080,,5080,2,5080,蔡焱南,1720,0.2529411764705882,6800,,,,,0,6800,,,,,,,,,,,
FujianShishi26TDRY,Fujian,Shishi,福建,石狮,26T,DRY,,6900,,华南 - 许建生,5295,2,5175,5295,,5295,2,5295,蔡焱南,1605,0.2326086956521739,6900,,,,,0,6900,,,,,,,,,,,
FujianShishi20'GPDRY - SOC,Fujian,Shishi,福建,石狮,20'GP,DRY - SOC,,4000,DRY - SOC（8T车代替）,华南 - 许建生,3585,2,3200,3585,,3585,2,3585,蔡焱南,415,0.10375,4000,,,,,0,4000,,,,,,,,,,,
FujianShishi40'HQDRY - SOC,Fujian,Shishi,福建,石狮,40'HQ,DRY - SOC,,6250,DRY - SOC（自备柜）,华南 - 许建生,5080,2,5000,5080,,5080,2,5080,蔡焱南,1170,0.1872,6250,,,,,0,6250,,,,,,,,,,,
JiangsuSuqian3TDRY,Jiangsu,Suqian,江苏,宿迁,3T,DRY,1,1750,,华东-孙理想,2205,1,1750,2205,,2205,1,1750,蔡焱南,-455,-0.26,1855,,,,,0.06000000000000005,1855,,,,,,,,,,,
JiangsuSuqian5TDRY,Jiangsu,Suqian,江苏,宿迁,5T,DRY,1,2850,,华东-孙理想,2025,1,2021.25,2025,1545,1545,1,1545,王峰,825,0.2894736842105263,2850,,,,,0,2850,,,,,,,,,,,
JiangsuSuqian12TDRY,Jiangsu,Suqian,江苏,宿迁,12T,DRY,1,3300,,华东-孙理想,2835,1,2835,2835,,3200,1,2835,蔡焱南,465,0.1409090909090909,3300,,,,,0,3300,,,,,,,,,,,
JiangsuSuqian15TDRY,Jiangsu,Suqian,江苏,宿迁,15T,DRY,1,3450,,华东-孙理想,3640,1,3450,3640,,3640,1,3450,蔡焱南,-190,-0.05507246376811594,3519,,,,,0.020000000000000018,3519,,,,,,,,,,,
JiangsuSuqian25TDRY,Jiangsu,Suqian,江苏,宿迁,25T,DRY,1,4350,,华东-孙理想,4050,1,4042.5,4050,,4305,1,4050,蔡焱南,300,0.06896551724137931,4350,,,,,0,4350,,,,,,,,,,,
JiangsuSuqian26TDRY,Jiangsu,Suqian,江苏,宿迁,26T,DRY,1,4650,,华东-孙理想,4100,1,4095,4100,,4525,1,4100,蔡焱南,550,0.11827956989247312,4650,,,,,0,4650,,,,,,,,,,,
JiangsuSuqian20'GPDRY - SOC,Jiangsu,Suqian,江苏,宿迁,20'GP,DRY - SOC,1,3000,,华东-孙理想,2540,1,2400,2540,,2540,1,2540,蔡焱南,460,0.15333333333333332,3000,,,,,0,3000,,,,,,,,,,,
JiangsuSuqian40'HQDRY - SOC,Jiangsu,Suqian,江苏,宿迁,40'HQ,DRY - SOC,1,4500,,华东-孙理想,4095,1,4095,4095,,4305,1,4095,蔡焱南,405,0.09,4500,,,,,0,4500,,,,,,,,,,,
JiangsuSuzhou20'GPDRY - SOC,Jiangsu,Suzhou,江苏,苏州,20'GP,DRY - SOC,1,900,,华东-孙理想,1105,1,900,1105,,1105,1,900,蔡焱南,-205,-0.22777777777777777,954,,,,,0.06000000000000005,954,,,,,,,,,,,
ShandongTai'An8TDRY,Shandong,Tai'An,山东,泰安,8T,DRY,1,3200,,京津-張學煜,3255,2,3255,3255,,3535,2,3200,總部產品,-55,-0.0171875,3264,,,,,0.020000000000000018,3264,,,,,,,,,,,
ShandongTai'An10TDRY,Shandong,Tai'An,山东,泰安,10T,DRY,1,3600,,京津-張學煜,3750,2,3600,3750,,3750,2,3600,蔡焱南,-150,-0.041666666666666664,3672,,,,,0.020000000000000018,3672,,,,,,,,,,,
ShandongTai'An12TDRY,Shandong,Tai'An,山东,泰安,12T,DRY,1,3900,,京津-張學煜,4410,2,3900,4410,,4410,2,3900,蔡焱南,-510,-0.13076923076923078,4134,,,,,0.06000000000000005,4134,,,,,,,,,,,
ShandongTai'An15TDRY,Shandong,Tai'An,山东,泰安,15T,DRY,1,4300,,京津-張學煜,4515,2,4515,4515,4300,4855,2,4300,總部產品,-215,-0.05,4386,,,,,0.020000000000000018,4386,,,,,,,,,,,
ShandongTai'An25TDRY,Shandong,Tai'An,山东,泰安,25T,DRY,1,5200,,京津-張學煜,5460,2,5460,5460,5200,5845,2,5200,總部產品,-260,-0.05,5304,,,,,0.020000000000000018,5304,,,,,,,,,,,
ShandongTai'An26TDRY,Shandong,Tai'An,山东,泰安,26T,DRY,1,5400,,京津-張學煜,5565,2,5565,5565,5400,6290,2,5400,總部產品,-165,-0.030555555555555555,5508,,,,,0.020000000000000018,5508,,,,,,,,,,,
ShandongTai'An20'GPDRY - SOC,Shandong,Tai'An,山东,泰安,20'GP,DRY - SOC,1,5700,,京津-張學煜,3255,2,3255,3255,,3750,2,3255,蔡焱南,2445,0.42894736842105263,5700,,,,,0,5700,,,,,,,,,,,
ShandongTai'An40'HQDRY - SOC,Shandong,Tai'An,山东,泰安,40'HQ,DRY - SOC,1,5800,,京津-張學煜,5845,2,5800,5845,,5845,2,5800,蔡焱南,-45,-0.007758620689655172,5916,,,,,0.020000000000000018,5916,,,,,,,,,,,
ShandongWeihai5TDRY,Shandong,Weihai,山东,威海,5T,DRY,1,4100,,京津-張學煜,3465,2,3465,3465,,3535,2,3465,蔡焱南,635,0.1548780487804878,4100,,,,,0,4100,,,,,,,,,,,
ShandongWeihai8TDRY,Shandong,Weihai,山东,威海,8T,DRY,1,4400,,京津-張學煜,3675,2,3675,3675,,3975,2,3675,蔡焱南,725,0.16477272727272727,4400,,,,,0,4400,,,,,,,,,,,
ShandongWeihai10TDRY,Shandong,Weihai,山东,威海,10T,DRY,1,5000,,京津-張學煜,3975,2,3750,3975,,3975,2,3975,蔡焱南,1025,0.205,5000,,,,,0,5000,,,,,,,,,,,
ShandongWeihai12TDRY,Shandong,Weihai,山东,威海,12T,DRY,1,5100,,京津-張學煜,4410,2,4080,4410,,4410,2,4410,蔡焱南,690,0.13529411764705881,5100,,,,,0,5100,,,,,,,,,,,
ShandongWeihai15TDRY,Shandong,Weihai,山东,威海,15T,DRY,1,5300,,京津-張學煜,5040,2,5040,5040,,5295,2,5040,蔡焱南,260,0.04905660377358491,5406,,,,,0.020000000000000018,5406,,,,,,,,,,,
ShandongWeihai25TDRY,Shandong,Weihai,山东,威海,25T,DRY,1,6200,,京津-張學煜,6510,2,6200,6510,,6510,2,6200,蔡焱南,-310,-0.05,6324,,,,,0.020000000000000018,6324,,,,,,,,,,,
ShandongWeihai26TDRY,Shandong,Weihai,山东,威海,26T,DRY,1,6300,,京津-張學煜,6950,2,6300,6950,,6950,2,6300,蔡焱南,-650,-0.10317460317460317,6678,,,,,0.06000000000000005,6678,,,,,,,,,,,
ShandongWeihai20'GPDRY - SOC,Shandong,Weihai,山东,威海,20'GP,DRY - SOC,1,6000,,京津-張學煜,3675,2,3675,3675,,3975,2,3675,蔡焱南,2325,0.3875,6000,,,,,0,6000,,,,,,,,,,,
ShandongWeihai40'HQDRY - SOC,Shandong,Weihai,山东,威海,40'HQ,DRY - SOC,1,6100,,京津-張學煜,6195,2,6195,6195,,6950,2,6100,總部產品,-95,-0.01557377049180328,6222,,,,,0.020000000000000018,6222,,,,,,,,,,,
AnhuiXuancheng10TDRY,Anhui,Xuancheng,安徽,宣城,10T,DRY,1,2050,,华东-孙理想,1880,1,1640,1880,,1880,1,1880,蔡焱南,170,0.08292682926829269,2050,,,,,0,2050,,,,,,,,,,,
AnhuiXuancheng12TDRY,Anhui,Xuancheng,安徽,宣城,12T,DRY,1,2150,,华东-孙理想,2205,1,2150,2205,,2205,1,2150,蔡焱南,-55,-0.02558139534883721,2193,,,,,0.020000000000000018,2193,,,,,,,,,,,
AnhuiXuancheng15TDRY,Anhui,Xuancheng,安徽,宣城,15T,DRY,1,2250,,华东-孙理想,2320,1,2250,2320,,2320,1,2250,蔡焱南,-70,-0.03111111111111111,2295,,,,,0.020000000000000018,2295,12,27540,27000,,,,,,,,
AnhuiXuancheng25TDRY,Anhui,Xuancheng,安徽,宣城,25T,DRY,1,2850,,华东-孙理想,2875,1,2850,2875,,2875,1,2850,蔡焱南,-25,-0.008771929824561403,2907,,,,,0.020000000000000018,2907,,,,,,,,,,,
AnhuiXuancheng20'GPDRY - SOC,Anhui,Xuancheng,安徽,宣城,20'GP,DRY - SOC,1,1950,,华东-孙理想,1655,1,1560,1655,,1655,1,1655,蔡焱南,295,0.15128205128205127,1950,,,,,0,1950,,,,,,,,,,,
AnhuiXuancheng40'HQDRY - SOC,Anhui,Xuancheng,安徽,宣城,40'HQ,DRY - SOC,1,3050,,华东-孙理想,2875,1,2440,2875,,2875,1,2875,蔡焱南,175,0.05737704918032787,3111,,,,,0.020000000000000018,3111,,,,,,,,,,,
JiangsuYangzhou3TDRY,Jiangsu,Yangzhou,江苏,扬州,3T,DRY,1,1150,,华东-孙理想,1008,1,1008,1008,,1055,1,1008,蔡焱南,142,0.12347826086956522,1150,,,,,0,1150,,,,,,,,,,,
JiangsuYangzhou10TDRY,Jiangsu,Yangzhou,江苏,扬州,10T,DRY,1,2050,,华东-孙理想,2205,1,2050,2205,,2205,1,2050,蔡焱南,-155,-0.07560975609756097,2173,,,,,0.06000000000000005,2173,,,,,,,,,,,
JiangsuYangzhou15TDRY,Jiangsu,Yangzhou,江苏,扬州,15T,DRY,1,2250,,华东-孙理想,2650,1,2677.5,2650,2250,2650,1,2250,總部產品,-400,-0.17777777777777778,2385,,,,,0.06000000000000005,2385,,,,,,,,,,,
JiangsuYangzhou25TDRY,Jiangsu,Yangzhou,江苏,扬州,25T,DRY,1,2850,,华东-孙理想,2850,1,3150,2850,2850,3090,1,2850,總部產品,0,,2850,,,,,0,2850,,,,,,,,,,,
JiangsuYangzhou26TDRY,Jiangsu,Yangzhou,江苏,扬州,26T,DRY,1,3050,,华东-孙理想,3200,1,3050,3200,,3200,1,3050,蔡焱南,-150,-0.04918032786885246,3111,,,,,0.020000000000000018,3111,,,,,,,,,,,
JiangsuYangzhou20'GPDRY - SOC,Jiangsu,Yangzhou,江苏,扬州,20'GP,DRY - SOC,1,1950,,华东-孙理想,1990,1,1950,1990,,1990,1,1950,蔡焱南,-40,-0.020512820512820513,1989,,,,,0.020000000000000018,1989,,,,,,,,,,,
JiangsuYangzhou40'HQDRY - SOC,Jiangsu,Yangzhou,江苏,扬州,40'HQ,DRY - SOC,1,3050,,华东-孙理想,3200,1,3050,3200,,3200,1,3050,蔡焱南,-150,-0.04918032786885246,3111,,,,,0.020000000000000018,3111,,,,,,,,,,,
ShandongYantai5TDRY,Shandong,Yantai,山东,烟台,5T,DRY,1,4000,,京津-張學煜,3310,2,3200,3310,,3310,2,3310,蔡焱南,690,0.1725,4000,,,,,0,4000,,,,,,,,,,,
ShandongYantai8TDRY,Shandong,Yantai,山东,烟台,8T,DRY,1,4400,,京津-張學煜,3535,2,3520,3535,,3535,2,3535,蔡焱南,865,0.1965909090909091,4400,,,,,0,4400,,,,,,,,,,,
ShandongYantai10TDRY,Shandong,Yantai,山东,烟台,10T,DRY,1,5000,,京津-張學煜,3975,2,3750,3975,,3975,2,3975,蔡焱南,1025,0.205,5000,,,,,0,5000,,,,,,,,,,,
ShandongYantai12TDRY,Shandong,Yantai,山东,烟台,12T,DRY,1,5200,,京津-張學煜,4410,2,4160,4410,,4410,2,4410,蔡焱南,790,0.1519230769230769,5200,,,,,0,5200,,,,,,,,,,,
ShandongYantai15TDRY,Shandong,Yantai,山东,烟台,15T,DRY,1,5300,,京津-張學煜,4725,2,4725,4725,,4965,2,4725,蔡焱南,575,0.10849056603773585,5300,,,,,0,5300,,,,,,,,,,,
ShandongYantai25TDRY,Shandong,Yantai,山东,烟台,25T,DRY,1,6200,,京津-張學煜,6400,2,6200,6400,,6400,2,6200,蔡焱南,-200,-0.03225806451612903,6324,,,,,0.020000000000000018,6324,,,,,,,,,,,
ShandongYantai26TDRY,Shandong,Yantai,山东,烟台,26T,DRY,1,6800,,京津-張學煜,6840,2,6800,6840,,6840,2,6800,蔡焱南,-40,-0.0058823529411764705,6936,,,,,0.020000000000000018,6936,,,,,,,,,,,
ShandongYantai20'GPDRY - SOC,Shandong,Yantai,山东,烟台,20'GP,DRY - SOC,1,6000,,京津-張學煜,3535,2,3520,3535,,3535,2,3535,蔡焱南,2465,0.41083333333333333,6000,,,,,0,6000,,,,,,,,,,,
ShandongYantai40'HQDRY - SOC,Shandong,Yantai,山东,烟台,40'HQ,DRY - SOC,1,6100,,京津-張學煜,6400,2,6100,6400,,6400,2,6100,蔡焱南,-300,-0.04918032786885246,6222,,,,,0.020000000000000018,6222,,,,,,,,,,,
GuangdongZhaoqing3TDRY,Guangdong,Zhaoqing,广东,肇庆,3T,DRY,,3950,,华南 - 许建生,3310,3,3160,3310,,3310,3,3310,蔡焱南,640,0.1620253164556962,3950,,,,,0,3950,,,,,,,,,,,
GuangdongZhaoqing8TDRY,Guangdong,Zhaoqing,广东,肇庆,8T,DRY,,5450,,华南 - 许建生,4085,3,4085,4085,,4085,3,4085,蔡焱南,1365,0.25045871559633026,5450,,,,,0,5450,,,,,,,,,,,
GuangdongZhaoqing10TDRY,Guangdong,Zhaoqing,广东,肇庆,10T,DRY,,5600,,华南 - 许建生,4965,3,4480,4965,,4965,3,4965,蔡焱南,635,0.11339285714285714,5600,,,,,0,5600,,,,,,,,,,,
GuangdongZhaoqing12TDRY,Guangdong,Zhaoqing,广东,肇庆,12T,DRY,,5700,,华南 - 许建生,5080,3,4560,5080,,5080,3,5080,蔡焱南,620,0.10877192982456141,5700,,,,,0,5700,,,,,,,,,,,
GuangdongZhaoqing15TDRY,Guangdong,Zhaoqing,广东,肇庆,15T,DRY,,5800,,华南 - 许建生,5080,3,4640,5080,,5080,3,5080,蔡焱南,720,0.12413793103448276,5800,,,,,0,5800,,,,,,,,,,,
GuangdongZhaoqing25TDRY,Guangdong,Zhaoqing,广东,肇庆,25T,DRY,,7900,,华南 - 许建生,6840,3,6320,6840,,6840,3,6840,蔡焱南,1060,0.1341772151898734,7900,,,,,0,7900,,,,,,,,,,,
GuangdongZhaoqing26TDRY,Guangdong,Zhaoqing,广东,肇庆,26T,DRY,,8000,,华南 - 许建生,6840,3,6400,6840,,6840,3,6840,蔡焱南,1160,0.145,8000,,,,,0,8000,,,,,,,,,,,
GuangdongZhaoqing20'GPDRY - SOC,Guangdong,Zhaoqing,广东,肇庆,20'GP,DRY - SOC,,5450,DRY - SOC（8T车代替）,华南 - 许建生,4965,3,4087.5,4965,,4965,3,4965,蔡焱南,485,0.0889908256880734,5450,,,,,0,5450,,,,,,,,,,,
GuangdongZhaoqing40'HQDRY - SOC,Guangdong,Zhaoqing,广东,肇庆,40'HQ,DRY - SOC,,7350,DRY - SOC（自备柜）,华南 - 许建生,6950,3,5880,6950,,6950,3,6950,蔡焱南,400,0.05442176870748299,7497,,,,,0.020000000000000018,7497,,,,,,,,,,,
GuangdongZhongshan20'GPDRY - SOC,Guangdong,Zhongshan,广东,中山,20'GP,DRY - SOC,,5300,DRY - SOC（8T车代替）,华南 - 许建生,4965,3,4240,4965,,4965,3,4965,蔡焱南,335,0.06320754716981132,5406,,,,,0.020000000000000018,5406,,,,,,,,,,,
GuangdongZhongshan5TDRY,Guangdong,Zhongshan,广东,中山,5T,DRY,,5200,,华南 - 许建生,3975,3,3900,3975,,3975,3,3975,蔡焱南,1225,0.23557692307692307,5200,,,,,0,5200,,,,,,,,,,,
GuangdongZhongshan8TDRY,Guangdong,Zhongshan,广东,中山,8T,DRY,,5300,,华南 - 许建生,4085,3,3975,4085,,4085,3,4085,蔡焱南,1215,0.22924528301886793,5300,,,,,0,5300,,,,,,,,,,,
GuangdongZhongshan25TDRY,Guangdong,Zhongshan,广东,中山,25T,DRY,,8200,,华南 - 许建生,6615,3,6560,6615,,6615,3,6615,蔡焱南,1585,0.19329268292682927,8200,,,,,0,8200,,,,,,,,,,,
GuangdongZhuhai5TDRY,Guangdong,Zhuhai,广东,珠海,5T,DRY,,5200,,华南 - 许建生,3860,3,3860,3860,,3860,3,3860,蔡焱南,1340,0.25769230769230766,5200,,,,,0,5200,1,5200,5200,,,,,,,,
GuangdongZhuhai8TDRY,Guangdong,Zhuhai,广东,珠海,8T,DRY,,5300,,华南 - 许建生,4195,3,3975,4195,,4195,3,4195,蔡焱南,1105,0.20849056603773586,5300,,,,,0,5300,,,,,,,,,,,
GuangdongZhuhai10TDRY,Guangdong,Zhuhai,广东,珠海,10T,DRY,,5600,,华南 - 许建生,4965,3,4480,4965,,4965,3,4965,蔡焱南,635,0.11339285714285714,5600,,,,,0,5600,,,,,,,,,,,
GuangdongZhuhai12TDRY,Guangdong,Zhuhai,广东,珠海,12T,DRY,,5700,,华南 - 许建生,5185,3,4560,5185,,5185,3,5185,蔡焱南,515,0.09035087719298246,5700,,,,,0,5700,,,,,,,,,,,
GuangdongZhuhai15TDRY,Guangdong,Zhuhai,广东,珠海,15T,DRY,,5800,,华南 - 许建生,5295,3,4640,5295,,5295,3,5295,蔡焱南,505,0.08706896551724137,5800,,,,,0,5800,,,,,,,,,,,
GuangdongZhuhai20'GPDRY - SOC,Guangdong,Zhuhai,广东,珠海,20'GP,DRY - SOC,,5300,DRY - SOC（8T车代替）,华南 - 许建生,4965,3,3975,4965,,4965,3,4965,蔡焱南,335,0.06320754716981132,5406,,,,,0.020000000000000018,5406,,,,,,,,,,,
GuangdongZhuhai25TDRY,Guangdong,Zhuhai,广东,珠海,25T,DRY,,8200,,华南 - 许建生,6615,3,6560,6615,,6615,3,6615,蔡焱南,1585,0.19329268292682927,8200,,,,,0,8200,,,,,,,,,,,
GuangdongZhuhai26TDRY,Guangdong,Zhuhai,广东,珠海,26T,DRY,,8300,,华南 - 许建生,6840,3,6640,6840,,6840,3,6840,蔡焱南,1460,0.17590361445783131,8300,,,,,0,8300,,,,,,,,,,,
HunanZixing3TDRY,Hunan,Zixing,湖南,资兴,3T,DRY,,3400,,华中-王莲花,2760,3,2720,2760,,2760,3,2760,蔡焱南,640,0.18823529411764706,3400,,,,,0,3400,,,,,,,,,,,
HunanZixing5TDRY,Hunan,Zixing,湖南,资兴,5T,DRY,,3520,,华中-王莲花,3150,3,3150,3150,,3310,3,3150,蔡焱南,370,0.10511363636363637,3520,,,,,0,3520,,,,,,,,,,,
HunanZixing10TDRY,Hunan,Zixing,湖南,资兴,10T,DRY,,5000,,华中-王莲花,4200,3,4200,4200,,4410,3,4200,蔡焱南,800,0.16,5000,,,,,0,5000,3,15000,15000,,,,,,,,
HunanZixing15TDRY,Hunan,Zixing,湖南,资兴,15T,DRY,,5650,,华中-王莲花,4745,3,4520,4745,,4745,3,4745,蔡焱南,905,0.16017699115044248,5650,,,,,0,5650,,,,,,,,,,,
HunanZixing25TDRY,Hunan,Zixing,湖南,资兴,25T,DRY,,7150,,华中-王莲花,5880,3,5880,5880,,6180,3,5880,蔡焱南,1270,0.17762237762237762,7150,,,,,0,7150,,,,,,,,,,,
HunanZixing26TDRY,Hunan,Zixing,湖南,资兴,26T,DRY,,7150,,华中-王莲花,5880,3,5880,5880,,6615,3,5880,蔡焱南,1270,0.17762237762237762,7150,,,,,0,7150,,,,,,,,,,,
HunanZixing20'GPDRY - SOC,Hunan,Zixing,湖南,资兴,20'GP,DRY - SOC,,7250,,华中-王莲花,3425,3,3262.5,3425,,3425,3,3425,蔡焱南,3825,0.5275862068965518,7250,,,,,0,7250,,,,,,,,,,,
HunanZixing40'HQDRY - SOC,Hunan,Zixing,湖南,资兴,40'HQ,DRY - SOC,,8250,,华中-王莲花,6180,3,6180,6180,,6180,3,6180,蔡焱南,2070,0.2509090909090909,8250,,,,,0,8250,,,,,,,,,,,
GuangxiBeihai3TDRY,Guangxi,Beihai,广西,北海,3T,DRY,,5000,,华南 - 许建生,4085,4,4000,4085,,4085,4,4085,蔡焱南,915,0.183,5000,,,,,0,5000,,,,,,,,,,,
GuangxiBeihai5TDRY,Guangxi,Beihai,广西,北海,5T,DRY,,7000,,华南 - 许建生,5405,4,5250,5405,,5405,4,5405,蔡焱南,1595,0.22785714285714287,7000,,,,,0,7000,,,,,,,,,,,
GuangxiBeihai8TDRY,Guangxi,Beihai,广西,北海,8T,DRY,,7100,,华南 - 许建生,5515,4,5325,5515,,5515,4,5515,蔡焱南,1585,0.22323943661971832,7100,,,,,0,7100,,,,,,,,,,,
GuangxiBeihai10TDRY,Guangxi,Beihai,广西,北海,10T,DRY,,7300,,华南 - 许建生,6290,4,5840,6290,,6290,4,6290,蔡焱南,1010,0.13835616438356163,7300,,,,,0,7300,,,,,,,,,,,
GuangxiBeihai12TDRY,Guangxi,Beihai,广西,北海,12T,DRY,,7400,,华南 - 许建生,6510,4,5920,6510,,6510,4,6510,蔡焱南,890,0.12027027027027028,7400,,,,,0,7400,,,,,,,,,,,
GuangxiBeihai15TDRY,Guangxi,Beihai,广西,北海,15T,DRY,,7500,,华南 - 许建生,6615,4,6000,6615,,6615,4,6615,蔡焱南,885,0.118,7500,,,,,0,7500,,,,,,,,,,,
GuangxiBeihai25TDRY,Guangxi,Beihai,广西,北海,25T,DRY,,10000,,华南 - 许建生,8820,4,8000,8820,,8820,4,8820,蔡焱南,1180,0.118,10000,,,,,0,10000,,,,,,,,,,,
GuangxiBeihai26TDRY,Guangxi,Beihai,广西,北海,26T,DRY,,10700,,华南 - 许建生,9045,4,8560,9045,,9045,4,9045,蔡焱南,1655,0.15467289719626168,10700,,,,,0,10700,,,,,,,,,,,
GuangxiBeihai20'GPDRY - SOC,Guangxi,Beihai,广西,北海,20'GP,DRY - SOC,,7100,DRY - SOC（8T车代替）,华南 - 许建生,6290,4,5325,6290,,6290,4,6290,蔡焱南,810,0.11408450704225352,7100,,,,,0,7100,,,,,,,,,,,
GuangxiBeihai40'HQDRY - SOC,Guangxi,Beihai,广西,北海,40'HQ,DRY - SOC,,9400,DRY - SOC（自备柜）,华南 - 许建生,8820,4,7520,8820,,8820,4,8820,蔡焱南,580,0.06170212765957447,9588,,,,,0.020000000000000018,9588,,,,,,,,,,,
ZhejiangWenzhou3TDRY,Zhejiang,Wenzhou,浙江,温州,3T,DRY,1,1450,,华东-孙理想,1220,1,1160,1220,,1220,1,1220,蔡焱南,230,0.15862068965517243,1450,,,,,0,1450,,,,,,,,,,,
ZhejiangWenzhou5TDRY,Zhejiang,Wenzhou,浙江,温州,5T,DRY,1,2450,,华东-孙理想,1655,1,1592.5,1655,,1655,1,1655,蔡焱南,795,0.32448979591836735,2450,,,,,0,2450,,,,,,,,,,,
ZhejiangWenzhou8TDRY,Zhejiang,Wenzhou,浙江,温州,8T,DRY,1,2550,,华东-孙理想,1770,1,1657.5,1770,,1770,1,1770,蔡焱南,780,0.3058823529411765,2550,,,,,0,2550,,,,,,,,,,,
ZhejiangWenzhou10TDRY,Zhejiang,Wenzhou,浙江,温州,10T,DRY,1,2750,,华东-孙理想,1880,1,1787.5,1880,,1880,1,1880,蔡焱南,870,0.31636363636363635,2750,,,,,0,2750,,,,,,,,,,,
ZhejiangWenzhou12TDRY,Zhejiang,Wenzhou,浙江,温州,12T,DRY,1,2850,,华东-孙理想,1890,1,1890,1890,,1990,1,1890,蔡焱南,960,0.3368421052631579,2850,,,,,0,2850,,,,,,,,,,,
ZhejiangWenzhou15TDRY,Zhejiang,Wenzhou,浙江,温州,15T,DRY,1,3000,,华东-孙理想,2205,1,2100,2205,,2205,1,2205,蔡焱南,795,0.265,3000,,,,,0,3000,,,,,,,,,,,
ZhejiangWenzhou25TDRY,Zhejiang,Wenzhou,浙江,温州,25T,DRY,1,3950,,华东-孙理想,2625,1,2625,2625,,2760,1,2625,蔡焱南,1325,0.33544303797468356,3950,,,,,0,3950,,,,,,,,,,,
ZhejiangWenzhou26TDRY,Zhejiang,Wenzhou,浙江,温州,26T,DRY,1,4250,,华东-孙理想,2760,1,2760,2760,,2760,1,2760,蔡焱南,1490,0.35058823529411764,4250,,,,,0,4250,,,,,,,,,,,
ZhejiangWenzhou20'GPDRY - SOC,Zhejiang,Wenzhou,浙江,温州,20'GP,DRY - SOC,1,2550,,华东-孙理想,1770,1,1657.5,1770,,1770,1,1770,蔡焱南,780,0.3058823529411765,2550,,,,,0,2550,,,,,,,,,,,
ZhejiangWenzhou40'HQDRY - SOC,Zhejiang,Wenzhou,浙江,温州,40'HQ,DRY - SOC,1,3750,,华东-孙理想,2760,1,2625,2760,,2760,1,2760,蔡焱南,990,0.264,3750,,,,,0,3750,,,,,,,,,,,
